ts_id,ds,prediction,lower_bound,upper_bound,value,anomaly_flag,abs_error
10_9454C3610D0A_E2288FCE3225_5,2023-04-28T02:30:38.000+0000,-2639.7576,-57950.13,52925.926,2458,0,5097.758
10_9454C3610D0A_E2288FCE3225_5,2023-04-28T02:00:17.000+0000,-2748.8872,-54200.418,55290.367,2509,0,5257.887
10_9454C3610D0A_E2288FCE3225_5,2023-04-28T01:31:23.000+0000,-2868.707,-63878.61,57014.234,2718,0,5586.707
10_9454C3610D0A_E2288FCE3225_5,2023-04-28T01:00:30.000+0000,-3009.7705,-65376.07,58579.742,2897,0,5906.7705
10_9454C3610D0A_E2288FCE3225_5,2023-04-28T00:31:25.000+0000,-3147.2063,-74057.34,62255.535,3021,0,6168.206
10_9454C3610D0A_E2288FCE3225_5,2023-04-28T00:01:12.000+0000,-3283.8586,-77401.83,64795.203,3074,0,6357.8584
10_9454C3610D0A_E2288FCE3225_5,2023-04-27T23:31:27.000+0000,-3400.8782,-69392.24,66122.234,3084,0,6484.878
10_9454C3610D0A_E2288FCE3225_5,2023-04-27T23:01:28.000+0000,-3491.405,-71143.59,67900.55,3177,0,6668.4053
10_9454C3610D0A_E2288FCE3225_5,2023-04-27T22:30:14.000+0000,-3550.2354,-72694.984,69130.5,3618,0,7168.2354
10_9454C3610D0A_E2288FCE3225_5,2023-04-27T21:30:15.000+0000,-3566.2073,-74575.73,75196.3,3096,0,6662.207
10_9454C3610D0A_E2288FCE3225_5,2023-04-27T21:01:19.000+0000,-3542.3691,-78110.09,73516.31,3024,0,6566.369
10_9454C3610D0A_E2288FCE3225_5,2023-04-27T20:31:19.000+0000,-3510.0457,-85953.12,67708.88,2905,0,6415.046
10_9454C3610D0A_E2288FCE3225_5,2023-04-27T20:01:13.000+0000,-3479.8816,-81333.8,69610.555,2909,0,6388.882
10_9454C3610D0A_E2288FCE3225_5,2023-04-27T19:31:31.000+0000,-3458.464,-83374.83,66047.36,2854,0,6312.464
10_9454C3610D0A_E2288FCE3225_5,2023-04-27T19:01:23.000+0000,-3445.6616,-76151.875,73287.36,2809,0,6254.6616
10_9454C3610D0A_E2288FCE3225_5,2023-04-27T18:31:40.000+0000,-3436.2373,-76738.52,67010.16,2887,0,6323.2373
10_9454C3610D0A_E2288FCE3225_5,2023-04-27T18:01:27.000+0000,-3419.1697,-75565.39,65207.17,2922,0,6341.17
10_9454C3610D0A_E2288FCE3225_5,2023-04-27T17:30:29.000+0000,-3379.932,-73242.89,64866.254,2697,0,6076.9316
10_9454C3610D0A_E2288FCE3225_5,2023-04-27T16:30:33.000+0000,-3196.495,-71139.17,68559.22,2439,0,5635.495
10_9454C3610D0A_E2288FCE3225_5,2023-04-27T16:00:26.000+0000,-3041.9375,-69673.14,67147.164,2267,0,5308.9375
10_9454C3610D0A_E2288FCE3225_5,2023-04-27T15:30:17.000+0000,-2852.0325,-64330.81,60692.69,2134,0,4986.032
10_9454C3610D0A_E2288FCE3225_5,2023-04-27T15:00:26.000+0000,-2643.15,-58445.895,57472.844,2139,0,4782.15
10_9454C3610D0A_E2288FCE3225_5,2023-04-27T14:31:27.000+0000,-2437.786,-54946.668,49713.02,2000,0,4437.786
10_9454C3610D0A_E2288FCE3225_5,2023-04-27T14:00:26.000+0000,-2235.6292,-50435.41,45712.74,1796,0,4031.6292
10_9454C3610D0A_E2288FCE3225_5,2023-04-27T13:01:25.000+0000,-1963.7664,-44584.613,40208.824,1112,0,3075.7664
10_9454C3610D0A_E2288FCE3225_5,2023-04-27T12:31:32.000+0000,-1898.6869,-42852.74,38928.457,933,0,2831.687
10_9454C3610D0A_E2288FCE3225_5,2023-04-27T12:01:28.000+0000,-1880.802,-42800.395,38339.273,954,0,2834.802
10_9454C3610D0A_E2288FCE3225_5,2023-04-27T11:31:22.000+0000,-1901.1265,-43036.664,38788.305,1013,0,2914.1265
10_9454C3610D0A_E2288FCE3225_5,2023-04-27T11:00:15.000+0000,-1947.9186,-44017.93,39702.59,1041,0,2988.9185
10_9454C3610D0A_E2288FCE3225_5,2023-04-27T10:31:25.000+0000,-2000.984,-45474.53,40929.477,1133,0,3133.984
10_9454C3610D0A_E2288FCE3225_5,2023-04-27T10:01:29.000+0000,-2054.0894,-46423.39,41947.27,1193,0,3247.0894
10_9454C3610D0A_E2288FCE3225_5,2023-04-27T09:31:13.000+0000,-2097.7217,-47638.406,42922.36,1234,0,3331.7217
10_9454C3610D0A_E2288FCE3225_5,2023-04-27T09:00:13.000+0000,-2128.6873,-48282.168,43556.395,1282,0,3410.6873
10_9454C3610D0A_E2288FCE3225_5,2023-04-27T08:31:24.000+0000,-2146.4365,-48913.703,43990.85,1301,0,3447.4365
10_9454C3610D0A_E2288FCE3225_5,2023-04-27T08:01:17.000+0000,-2158.068,-48928.434,44023.273,1385,0,3543.068
10_9454C3610D0A_E2288FCE3225_5,2023-04-27T07:30:32.000+0000,-2168.4028,-49373.043,44496.582,1450,0,3618.4028
10_9454C3610D0A_E2288FCE3225_5,2023-04-27T07:01:19.000+0000,-2181.384,-49602.566,44640.52,1537,0,3718.384
10_9454C3610D0A_E2288FCE3225_5,2023-04-27T06:01:27.000+0000,-2225.6775,-50441.81,45550.367,1647,0,3872.6775
10_9454C3610D0A_E2288FCE3225_5,2023-04-27T05:31:14.000+0000,-2255.676,-51373.22,46343.055,1710,0,3965.676
10_9454C3610D0A_E2288FCE3225_5,2023-04-27T05:01:25.000+0000,-2287.5437,-52115.543,46970.734,1788,0,4075.5437
10_9454C3610D0A_E2288FCE3225_5,2023-04-27T04:30:22.000+0000,-2321.556,-53114.773,47551.086,1882,0,4203.5557
10_9454C3610D0A_E2288FCE3225_5,2023-04-27T03:31:14.000+0000,-2392.2146,-53427.74,49036.33,2021,0,4413.215
10_9454C3610D0A_E2288FCE3225_5,2023-04-27T03:00:23.000+0000,-2439.0981,-56821.75,49513.766,2113,0,4552.098
10_9454C3610D0A_E2288FCE3225_5,2023-04-27T02:31:14.000+0000,-2495.3884,-55872.918,53329.61,2202,0,4697.3887
10_9454C3610D0A_E2288FCE3225_5,2023-04-27T02:00:32.000+0000,-2570.472,-63328.586,49632.074,2379,0,4949.4717
10_9454C3610D0A_E2288FCE3225_5,2023-04-27T01:31:23.000+0000,-2656.9407,-60627.973,52518.215,2470,0,5126.9404
10_9454C3610D0A_E2288FCE3225_5,2023-04-27T01:01:18.000+0000,-2758.0593,-69167.19,56316.16,2685,0,5443.0596
10_9454C3610D0A_E2288FCE3225_5,2023-04-27T00:01:18.000+0000,-2963.3967,-65449.633,58622.242,3062,0,6025.3965
10_9454C3610D0A_E2288FCE3225_5,2023-04-26T23:31:22.000+0000,-3046.74,-69026.86,62475.68,3159,0,6205.74
10_9454C3610D0A_E2288FCE3225_5,2023-04-26T23:01:26.000+0000,-3104.6355,-69890.836,63383.562,3172,0,6276.6357
10_9454C3610D0A_E2288FCE3225_5,2023-04-26T22:31:17.000+0000,-3131.789,-67207,64496.84,3618,0,6749.789
10_9454C3610D0A_E2288FCE3225_5,2023-04-26T22:00:36.000+0000,-3127.0383,-69779.9,65868.64,3132,0,6259.038
10_9454C3610D0A_E2288FCE3225_5,2023-04-26T21:31:18.000+0000,-3096.8345,-74431.055,64150.367,3166,0,6262.8345
10_9454C3610D0A_E2288FCE3225_5,2023-04-26T21:01:33.000+0000,-3049.1821,-68150.22,59394.555,3338,0,6387.182
10_9454C3610D0A_E2288FCE3225_5,2023-04-26T20:31:26.000+0000,-2994.046,-67593.305,61012.227,3227,0,6221.046
10_9454C3610D0A_E2288FCE3225_5,2023-04-26T20:01:15.000+0000,-2941.4758,-68876.23,62316.605,3375,0,6316.4756
10_9454C3610D0A_E2288FCE3225_5,2023-04-26T19:30:24.000+0000,-2896.7031,-63185.137,56930.863,3229,0,6125.703
10_9454C3610D0A_E2288FCE3225_5,2023-04-26T19:01:15.000+0000,-2863.1206,-67131.67,59102.562,3252,0,6115.1206
10_9454C3610D0A_E2288FCE3225_5,2023-04-26T18:31:35.000+0000,-2832.4685,-69567.8,58887.39,3296,0,6128.4688
10_9454C3610D0A_E2288FCE3225_5,2023-04-26T18:00:15.000+0000,-2793.2898,-65059.14,56150.402,3352,0,6145.29
10_9454C3610D0A_E2288FCE3225_5,2023-04-26T17:31:26.000+0000,-2739.3394,-62422.777,61275.062,3137,0,5876.3394
10_9454C3610D0A_E2288FCE3225_5,2023-04-26T17:01:26.000+0000,-2653.8118,-56555.637,49845.45,3148,0,5801.8115
10_9454C3610D0A_E2288FCE3225_5,2023-04-26T16:31:30.000+0000,-2531.4258,-57904.918,54408.5,3015,0,5546.426
10_9454C3610D0A_E2288FCE3225_5,2023-04-26T16:00:21.000+0000,-2363.7092,-57496.066,46007.434,2971,0,5334.709
10_9454C3610D0A_E2288FCE3225_5,2023-04-26T14:00:24.000+0000,-1547.0791,-34993.32,33652.203,2979,0,4526.079
10_9454C3610D0A_E2288FCE3225_5,2023-04-26T13:31:20.000+0000,-1388.2162,-31420.352,27858.576,2553,0,3941.2163
10_9454C3610D0A_E2288FCE3225_5,2023-04-26T13:01:12.000+0000,-1267.3606,-28724.139,25474.541,1867,0,3134.3606
10_9454C3610D0A_E2288FCE3225_5,2023-04-26T12:31:30.000+0000,-1196.0198,-27191.447,24151.627,1755,0,2951.0198
10_9454C3610D0A_E2288FCE3225_5,2023-04-26T12:01:22.000+0000,-1169.1697,-26667.348,23511.363,1747,0,2916.1697
10_9454C3610D0A_E2288FCE3225_5,2023-04-26T11:31:29.000+0000,-1178.968,-26791.275,23768.793,1862,0,3040.968
10_9454C3610D0A_E2288FCE3225_5,2023-04-26T11:01:18.000+0000,-1213.001,-27539.553,24580.014,1942,0,3155.001
10_9454C3610D0A_E2288FCE3225_5,2023-04-26T10:31:34.000+0000,-1257.0729,-28507.434,25352.55,2000,0,3257.0728
10_9454C3610D0A_E2288FCE3225_5,2023-04-26T10:01:31.000+0000,-1300.874,-29640.197,26265.682,2044,0,3344.874
10_9454C3610D0A_E2288FCE3225_5,2023-04-26T09:31:28.000+0000,-1336.3855,-30350.818,26863.398,2057,0,3393.3855
10_9454C3610D0A_E2288FCE3225_5,2023-04-26T09:00:29.000+0000,-1361.2815,-31108.205,27424.406,2075,0,3436.2815
10_9454C3610D0A_E2288FCE3225_5,2023-04-26T08:31:35.000+0000,-1375.0812,-31203.402,27811.717,2091,0,3466.081
10_9454C3610D0A_E2288FCE3225_5,2023-04-26T08:01:18.000+0000,-1383.9664,-31334.627,27871.809,2120,0,3503.9663
10_9454C3610D0A_E2288FCE3225_5,2023-04-26T07:31:21.000+0000,-1392.2815,-31676.602,28129.31,2164,0,3556.2815
10_9454C3610D0A_E2288FCE3225_5,2023-04-26T06:31:14.000+0000,-1423.3455,-31545.49,30975.332,2210,0,3633.3455
10_9454C3610D0A_E2288FCE3225_5,2023-04-26T06:01:17.000+0000,-1448.6501,-32258.43,31832.975,2253,0,3701.6501
10_9454C3610D0A_E2288FCE3225_5,2023-04-26T05:30:29.000+0000,-1479.9539,-34700.254,27767.027,2302,0,3781.9539
10_9454C3610D0A_E2288FCE3225_5,2023-04-26T05:02:06.000+0000,-1511.5803,-34222.19,29664.535,2377,0,3888.5803
10_9454C3610D0A_E2288FCE3225_5,2023-04-26T04:01:20.000+0000,-1584.2732,-34555.34,34339.848,2540,0,4124.2734
10_9454C3610D0A_E2288FCE3225_5,2023-04-26T03:31:35.000+0000,-1624.8983,-39182.06,33827.05,2621,0,4245.8984
10_9454C3610D0A_E2288FCE3225_5,2023-04-26T03:01:17.000+0000,-1674.3555,-40583.42,34905.926,2694,0,4368.3555
10_9454C3610D0A_E2288FCE3225_5,2023-04-26T02:31:31.000+0000,-1735.0114,-41912.484,35774.12,2706,0,4441.011
10_9454C3610D0A_E2288FCE3225_5,2023-04-26T02:00:38.000+0000,-1813.6296,-42221.723,39315.586,2740,0,4553.63
10_9454C3610D0A_E2288FCE3225_5,2023-04-26T01:30:27.000+0000,-1906.0404,-44101.086,41120.35,2959,0,4865.0405
10_9454C3610D0A_E2288FCE3225_5,2023-04-26T01:01:31.000+0000,-2005.7821,-46974.633,43532.848,3171,0,5176.782
10_9454C3610D0A_E2288FCE3225_5,2023-04-26T00:31:31.000+0000,-2113.9028,-48961.48,42212.414,3296,0,5409.903
10_9454C3610D0A_E2288FCE3225_5,2023-04-26T00:01:30.000+0000,-2217.4702,-51501.67,45067.74,3363,0,5580.47
10_9454C3610D0A_E2288FCE3225_5,2023-04-25T23:30:28.000+0000,-2308.8865,-52401.926,43811.836,3328,0,5636.8867
10_9454C3610D0A_E2288FCE3225_5,2023-04-25T23:01:30.000+0000,-2371.546,-56427.855,49130.145,3415,0,5786.546
10_9454C3610D0A_E2288FCE3225_5,2023-04-25T22:31:29.000+0000,-2408.4092,-52370.863,53119.824,3747,0,6155.409
10_9454C3610D0A_E2288FCE3225_5,2023-04-25T21:30:21.000+0000,-2399.141,-53008.81,51438.023,3508,0,5907.141
10_9454C3610D0A_E2288FCE3225_5,2023-04-25T21:00:23.000+0000,-2366.4202,-57308.598,49380.72,3457,0,5823.42
10_9454C3610D0A_E2288FCE3225_5,2023-04-25T20:01:33.000+0000,-2293.4092,-55286.33,47603.566,3375,0,5668.409
10_9454C3610D0A_E2288FCE3225_5,2023-04-25T19:30:22.000+0000,-2264.6904,-49474.395,46197.535,3324,0,5588.6904
10_9454C3610D0A_E2288FCE3225_5,2023-04-25T19:00:21.000+0000,-2245.6604,-49036.805,45953.445,3279,0,5524.66
10_9454C3610D0A_E2288FCE3225_5,2023-04-25T18:31:18.000+0000,-2230.4385,-48732.613,45679.617,3299,0,5529.4385
10_9454C3610D0A_E2288FCE3225_5,2023-04-25T17:31:26.000+0000,-2170.248,-47216.117,44277.414,3240,0,5410.248
10_9454C3610D0A_E2288FCE3225_5,2023-04-25T17:00:31.000+0000,-2101.1294,-45938.3,42970.79,3137,0,5238.1294
10_9454C3610D0A_E2288FCE3225_5,2023-04-25T16:30:37.000+0000,-1999.1548,-43525.46,41103.92,2908,0,4907.155
10_9454C3610D0A_E2288FCE3225_5,2023-04-25T16:00:32.000+0000,-1860.8237,-40889.688,38327.562,2749,0,4609.8237
10_9454C3610D0A_E2288FCE3225_5,2023-04-25T15:31:24.000+0000,-1698.3123,-37173.742,34795.78,2478,0,4176.3125
10_9454C3610D0A_E2288FCE3225_5,2023-04-25T15:01:18.000+0000,-1512.6957,-32931.34,30845.049,2319,0,3831.6958
10_9454C3610D0A_E2288FCE3225_5,2023-04-25T14:31:18.000+0000,-1325.7404,-29063.434,26992.299,2239,0,3564.7402
10_9454C3610D0A_E2288FCE3225_5,2023-04-25T14:01:40.000+0000,-1156.0016,-25241.975,23798.049,1927,0,3083.0015
10_9454C3610D0A_E2288FCE3225_5,2023-04-25T13:32:06.000+0000,-1016.0855,-22154.443,20634.45,1827,0,2843.0854
10_9454C3610D0A_E2288FCE3225_5,2023-04-25T13:00:18.000+0000,-909.8038,-19954.197,18614.828,1756,0,2665.8037
10_9454C3610D0A_E2288FCE3225_5,2023-04-25T12:30:31.000+0000,-855.8225,-18740.816,17344.94,1707,0,2562.8225
10_9454C3610D0A_E2288FCE3225_5,2023-04-25T12:00:29.000+0000,-843.09375,-18482.46,17378.445,1674,0,2517.0938
10_9454C3610D0A_E2288FCE3225_5,2023-04-25T11:00:34.000+0000,-905.73126,-19903.643,18550.447,1658,0,2563.7312
10_9454C3610D0A_E2288FCE3225_5,2023-04-25T10:01:18.000+0000,-1005.71497,-22095.896,20617.797,1702,0,2707.7148
10_9454C3610D0A_E2288FCE3225_5,2023-04-25T09:30:34.000+0000,-1048.4352,-22967.545,21443.145,1701,0,2749.435
10_9454C3610D0A_E2288FCE3225_5,2023-04-25T08:31:19.000+0000,-1099.9303,-24286.71,22567.28,1697,0,2796.9302
10_9454C3610D0A_E2288FCE3225_5,2023-04-25T08:01:37.000+0000,-1115.4907,-24495.45,22687.053,1685,0,2800.4907
10_9454C3610D0A_E2288FCE3225_5,2023-04-25T07:31:32.000+0000,-1130.3318,-24926.732,23039.615,1683,0,2813.3318
10_9454C3610D0A_E2288FCE3225_5,2023-04-25T07:01:31.000+0000,-1148.3226,-25254.26,23560.209,1688,0,2836.3228
10_9454C3610D0A_E2288FCE3225_5,2023-04-25T06:30:24.000+0000,-1172.78,-26010.586,24082.303,1645,0,2817.78
10_9454C3610D0A_E2288FCE3225_5,2023-04-25T06:01:19.000+0000,-1201.1616,-26579.498,24723.273,1579,0,2780.1616
10_9454C3610D0A_E2288FCE3225_5,2023-04-25T05:30:37.000+0000,-1235.4395,-27341.174,25439.748,1581,0,2816.4395
10_9454C3610D0A_E2288FCE3225_5,2023-04-25T05:00:38.000+0000,-1271.2156,-28222.79,26081.805,1638,0,2909.2156
10_9454C3610D0A_E2288FCE3225_5,2023-04-25T04:30:34.000+0000,-1308.0703,-28917.04,26905.494,1666,0,2974.0703
10_9454C3610D0A_E2288FCE3225_5,2023-04-25T04:01:36.000+0000,-1344.787,-29800.084,27726.467,1705,0,3049.787
10_9454C3610D0A_E2288FCE3225_5,2023-04-25T03:31:30.000+0000,-1386.3256,-30784.209,28524.453,1759,0,3145.3257
10_9454C3610D0A_E2288FCE3225_5,2023-04-25T03:01:23.000+0000,-1434.9192,-31842.053,29459.148,1792,0,3226.9192
10_9454C3610D0A_E2288FCE3225_5,2023-04-25T02:31:28.000+0000,-1494.0304,-33110.332,30602.643,1856,0,3350.0303
10_9454C3610D0A_E2288FCE3225_5,2023-04-25T02:01:23.000+0000,-1567.0897,-34786.312,32117.145,1922,0,3489.0898
10_9454C3610D0A_E2288FCE3225_5,2023-04-25T01:31:27.000+0000,-1653.5231,-36853,33846.473,2018,0,3671.523
10_9454C3610D0A_E2288FCE3225_5,2023-04-25T01:01:26.000+0000,-1750.7996,-38902.203,36117.043,2162,0,3912.7996
10_9454C3610D0A_E2288FCE3225_5,2023-04-25T00:30:34.000+0000,-1855.0741,-41329.188,38235.234,2290,0,4145.074
10_9454C3610D0A_E2288FCE3225_5,2023-04-25T00:00:20.000+0000,-1952.2256,-43501.26,40221.21,2363,0,4315.2256
10_9454C3610D0A_E2288FCE3225_5,2023-04-24T23:30:25.000+0000,-2034.013,-45172.203,42099.105,2403,0,4437.0127
10_9454C3610D0A_E2288FCE3225_5,2023-04-24T23:01:21.000+0000,-2092.3394,-46590.234,42880.63,2457,0,4549.3394
10_9454C3610D0A_E2288FCE3225_5,2023-04-24T22:31:19.000+0000,-2126.2231,-47520.82,43784.31,2664,0,4790.223
10_9454C3610D0A_E2288FCE3225_5,2023-04-24T22:00:22.000+0000,-2132.9001,-47521.277,43784.324,2306,0,4438.9004
10_9454C3610D0A_E2288FCE3225_5,2023-04-24T21:30:18.000+0000,-2116.3857,-47183.09,43435.02,2244,0,4360.3857
10_9454C3610D0A_E2288FCE3225_5,2023-04-24T21:02:00.000+0000,-2087.1697,-46487.61,42840.06,2187,0,4274.17
10_9454C3610D0A_E2288FCE3225_5,2023-04-24T20:31:25.000+0000,-2049.7722,-45730.41,42201.684,2056,0,4105.7725
10_9454C3610D0A_E2288FCE3225_5,2023-04-24T20:01:25.000+0000,-2015.4255,-44928.145,41469.85,1872,0,3887.4255
10_9454C3610D0A_E2288FCE3225_5,2023-04-24T19:31:32.000+0000,-1988.6003,-44553.945,40979.86,1834,0,3822.6003
10_9454C3610D0A_E2288FCE3225_5,2023-04-24T19:00:35.000+0000,-1968.9786,-43789.312,40528.473,1589,0,3557.9785
10_9454C3610D0A_E2288FCE3225_5,2023-04-24T18:31:36.000+0000,-1953.6852,-43688.03,40293.63,1550,0,3503.685
10_9454C3610D0A_E2288FCE3225_5,2023-04-24T18:01:27.000+0000,-1932.3804,-43036.832,39739.516,1529,0,3461.3804
10_9454C3610D0A_E2288FCE3225_5,2023-04-24T17:31:34.000+0000,-1895.4178,-42468.973,38920.418,1397,0,3292.418
10_9454C3610D0A_E2288FCE3225_5,2023-04-24T17:01:28.000+0000,-1832.3961,-41103.953,37808.777,1301,0,3133.396
10_9454C3610D0A_E2288FCE3225_5,2023-04-24T16:30:19.000+0000,-1733.1552,-38891.355,35769.79,1259,0,2992.1553
10_9454C3610D0A_E2288FCE3225_5,2023-04-24T16:00:31.000+0000,-1605.0146,-35916.473,33309.645,1219,0,2824.0146
10_9454C3610D0A_E2288FCE3225_5,2023-04-24T15:30:33.000+0000,-1448.9728,-32482.299,30079.717,1184,0,2632.9727
10_9454C3610D0A_E2288FCE3225_5,2023-04-24T15:00:23.000+0000,-1275.6616,-28591.447,26418.564,1169,0,2444.6616
10_9454C3610D0A_E2288FCE3225_5,2023-04-24T14:31:23.000+0000,-1107.8153,-24812.389,22961.668,1109,0,2216.8154
10_9454C3610D0A_E2288FCE3225_5,2023-04-24T14:00:40.000+0000,-944.94855,-21046.414,19569.416,1108,0,2052.9485
10_9454C3610D0A_E2288FCE3225_5,2023-04-24T13:31:22.000+0000,-817.4411,-18364.096,17178.037,1081,0,1898.4412
10_9454C3610D0A_E2288FCE3225_5,2023-04-24T13:01:29.000+0000,-724.82983,-16253.114,14919.448,1052,0,1776.8298
10_9454C3610D0A_E2288FCE3225_5,2023-04-24T12:31:26.000+0000,-673.42255,-15111.108,13969.654,1042,0,1715.4226
10_9454C3610D0A_E2288FCE3225_5,2023-04-24T12:01:24.000+0000,-661.29266,-14691.352,13749.119,1038,0,1699.2927
10_9454C3610D0A_E2288FCE3225_5,2023-04-24T11:31:38.000+0000,-680.3834,-15252.42,14209.355,1039,0,1719.3834
10_9454C3610D0A_E2288FCE3225_5,2023-04-24T11:02:21.000+0000,-719.0882,-16121.087,14972.387,1026,0,1745.0881
10_9454C3610D0A_E2288FCE3225_5,2023-04-24T10:01:28.000+0000,-817.753,-18200.846,17001.92,1039,0,1856.7529
10_9454C3610D0A_E2288FCE3225_5,2023-04-24T09:30:36.000+0000,-859.9148,-19270.578,18028.916,1034,0,1893.9148
10_9454C3610D0A_E2288FCE3225_5,2023-04-24T09:01:20.000+0000,-890.438,-20043.229,18445.234,1033,0,1923.438
10_9454C3610D0A_E2288FCE3225_5,2023-04-24T08:31:34.000+0000,-913.1927,-20529.205,19141.72,1023,0,1936.1926
10_9454C3610D0A_E2288FCE3225_5,2023-04-24T08:01:20.000+0000,-931.36035,-20895.486,19476.12,1032,0,1963.3604
10_9454C3610D0A_E2288FCE3225_5,2023-04-24T07:31:19.000+0000,-948.9435,-21432.955,19975.797,1051,0,1999.9435
10_9454C3610D0A_E2288FCE3225_5,2023-04-24T07:00:39.000+0000,-970.3933,-21818.291,20367.197,1062,0,2032.3933
10_9454C3610D0A_E2288FCE3225_5,2023-04-24T06:31:33.000+0000,-996.04285,-22450.02,20705.85,1106,0,2102.043
10_9454C3610D0A_E2288FCE3225_5,2023-04-24T06:01:21.000+0000,-1028.2815,-23096.773,21610.793,1118,0,2146.2815
10_9454C3610D0A_E2288FCE3225_5,2023-04-24T05:30:35.000+0000,-1065.6337,-24114.096,22151.857,1129,0,2194.6338
10_9454C3610D0A_E2288FCE3225_5,2023-04-24T05:01:18.000+0000,-1103.6284,-24920.453,22915.865,1122,0,2225.6284
10_9454C3610D0A_E2288FCE3225_5,2023-04-24T04:31:22.000+0000,-1143.7382,-25830.709,23896.86,1115,0,2258.7383
10_9454C3610D0A_E2288FCE3225_5,2023-04-24T04:00:19.000+0000,-1186.9878,-26912.719,24763.94,1110,0,2296.9878
10_9454C3610D0A_E2288FCE3225_5,2023-04-24T03:31:23.000+0000,-1230.72,-27758.309,25754.527,1097,0,2327.72
10_9454C3610D0A_E2288FCE3225_5,2023-04-24T02:30:27.000+0000,-1347.4166,-30483.18,28040.88,1101,0,2448.4165
10_9454C3610D0A_E2288FCE3225_5,2023-04-24T01:31:36.000+0000,-1508.3015,-34017.023,31617.215,1086,0,2594.3015
10_9454C3610D0A_E2288FCE3225_5,2023-04-24T01:00:40.000+0000,-1609.8546,-36472.703,33661.42,1104,0,2713.8545
10_9454C3610D0A_E2288FCE3225_5,2023-04-24T00:01:34.000+0000,-1807.8721,-40747.656,37991.87,1172,0,2979.872
10_9454C3610D0A_E2288FCE3225_5,2023-04-23T23:30:29.000+0000,-1896.4845,-42897,39839.273,1158,0,3054.4844
10_9454C3610D0A_E2288FCE3225_5,2023-04-23T23:01:39.000+0000,-1959.358,-44364.88,40884.867,1181,0,3140.358
10_9454C3610D0A_E2288FCE3225_5,2023-04-23T22:30:34.000+0000,-2001.8181,-45393.387,41632.54,1154,0,3155.818
10_9454C3610D0A_E2288FCE3225_5,2023-04-23T22:00:34.000+0000,-2017.7112,-45622.938,42192.14,1158,0,3175.7112
10_9454C3610D0A_E2288FCE3225_5,2023-04-23T21:31:35.000+0000,-2013.4027,-45750.09,42071.227,1118,0,3131.4028
10_9454C3610D0A_E2288FCE3225_5,2023-04-23T20:31:22.000+0000,-1972.0876,-44511.633,41405.652,1043,0,3015.0876
10_9454C3610D0A_E2288FCE3225_5,2023-04-23T20:00:42.000+0000,-1950.7378,-44240.793,40641.848,1145,0,3095.7378
10_9454C3610D0A_E2288FCE3225_5,2023-04-23T19:31:25.000+0000,-1937.1301,-43697.164,40615.12,1043,0,2980.1301
10_9454C3610D0A_E2288FCE3225_5,2023-04-23T19:01:40.000+0000,-1930.3948,-43641.406,40385.156,1035,0,2965.3948
10_9454C3610D0A_E2288FCE3225_5,2023-04-23T18:31:22.000+0000,-1926.5776,-43779.36,40502.86,1008,0,2934.5776
10_9454C3610D0A_E2288FCE3225_5,2023-04-23T17:31:39.000+0000,-1894.6311,-42984.727,39443.402,1001,0,2895.631
10_9454C3610D0A_E2288FCE3225_5,2023-04-23T17:01:37.000+0000,-1847.5387,-41687.93,38310.785,1050,0,2897.5386
10_9454C3610D0A_E2288FCE3225_5,2023-04-23T16:30:40.000+0000,-1767.9459,-40091.75,36652.516,1015,0,2782.9458
10_9454C3610D0A_E2288FCE3225_5,2023-04-23T16:01:37.000+0000,-1663.7483,-37560.242,34846.94,928,0,2591.7483
10_9454C3610D0A_E2288FCE3225_5,2023-04-23T15:31:24.000+0000,-1530.0063,-34791.23,31765.482,862,0,2392.0063
10_9454C3610D0A_E2288FCE3225_5,2023-04-23T15:00:41.000+0000,-1378.1688,-31249.373,28870.455,767,0,2145.169
10_9454C3610D0A_E2288FCE3225_5,2023-04-23T14:31:20.000+0000,-1231.5707,-27910.338,26092.69,742,0,1973.5707
10_9454C3610D0A_E2288FCE3225_5,2023-04-23T14:01:38.000+0000,-1095.9637,-24792.52,23194.164,724,0,1819.9637
10_9454C3610D0A_E2288FCE3225_5,2023-04-23T13:30:28.000+0000,-981.03656,-22168.092,20297.803,719,0,1700.0366
10_9454C3610D0A_E2288FCE3225_5,2023-04-23T13:01:35.000+0000,-908.01556,-20374.936,19075.527,718,0,1626.0156
10_9454C3610D0A_E2288FCE3225_5,2023-04-23T12:30:28.000+0000,-868.81476,-19711.87,18146.396,757,0,1625.8147
10_9454C3610D0A_E2288FCE3225_5,2023-04-23T12:01:32.000+0000,-866.7456,-19629.408,18425.812,795,0,1661.7456
10_9454C3610D0A_E2288FCE3225_5,2023-04-23T11:31:23.000+0000,-892.74286,-20252.053,18708.184,881,0,1773.7429
10_9454C3610D0A_E2288FCE3225_5,2023-04-23T11:01:37.000+0000,-936.7934,-21307.588,19647.533,938,0,1874.7935
10_9454C3610D0A_E2288FCE3225_5,2023-04-23T10:30:30.000+0000,-991.0955,-22396.205,20958.312,968,0,1959.0955
10_9454C3610D0A_E2288FCE3225_5,2023-04-23T10:00:32.000+0000,-1042.1191,-23754.297,21863.271,1005,0,2047.1191
10_9454C3610D0A_E2288FCE3225_5,2023-04-23T09:30:24.000+0000,-1086.1604,-24592.701,22540.473,1012,0,2098.1604
10_9454C3610D0A_E2288FCE3225_5,2023-04-23T09:01:22.000+0000,-1119.6228,-25460.854,23374.61,1052,0,2171.6228
10_9454C3610D0A_E2288FCE3225_5,2023-04-23T08:01:38.000+0000,-1167.2141,-26484.85,24456.896,1096,0,2263.214
10_9454C3610D0A_E2288FCE3225_5,2023-04-23T07:31:44.000+0000,-1187.5496,-27005.19,24949.395,1132,0,2319.5496
10_9454C3610D0A_E2288FCE3225_5,2023-04-23T07:01:45.000+0000,-1210.4196,-27528.596,25345.916,1166,0,2376.4194
10_9454C3610D0A_E2288FCE3225_5,2023-04-23T06:31:30.000+0000,-1237.9882,-27985.727,26251.09,1187,0,2424.9883
10_9454C3610D0A_E2288FCE3225_5,2023-04-23T06:01:28.000+0000,-1269.9921,-28726.23,26640.465,1196,0,2465.9922
10_9454C3610D0A_E2288FCE3225_5,2023-04-23T05:31:34.000+0000,-1305.2362,-29435.607,27374.957,1217,0,2522.2363
10_9454C3610D0A_E2288FCE3225_5,2023-04-23T05:01:36.000+0000,-1342.2708,-30590.445,28256.178,1219,0,2561.2708
10_9454C3610D0A_E2288FCE3225_5,2023-04-23T04:31:34.000+0000,-1379.9775,-31460.412,29034.54,1180,0,2559.9775
10_9454C3610D0A_E2288FCE3225_5,2023-04-23T04:01:21.000+0000,-1418.7242,-32189.043,29804.707,1210,0,2628.724
10_9454C3610D0A_E2288FCE3225_5,2023-04-23T03:31:28.000+0000,-1459.6511,-33161.473,30573.014,1270,0,2729.6511
10_9454C3610D0A_E2288FCE3225_5,2023-04-23T03:00:37.000+0000,-1507.8003,-34256.01,31817.06,1342,0,2849.8003
10_9454C3610D0A_E2288FCE3225_5,2023-04-23T02:30:23.000+0000,-1564.1825,-35584.1,32934.777,1417,0,2981.1826
10_9454C3610D0A_E2288FCE3225_5,2023-04-23T02:01:24.000+0000,-1628.9315,-37071.355,34183.133,1534,0,3162.9316
10_9454C3610D0A_E2288FCE3225_5,2023-04-23T01:30:24.000+0000,-1709.8552,-38880.91,35990.066,1666,0,3375.8552
10_9454C3610D0A_E2288FCE3225_5,2023-04-23T01:00:40.000+0000,-1796.0448,-40747.23,37993.637,1850,0,3646.045
10_9454C3610D0A_E2288FCE3225_5,2023-04-23T00:30:41.000+0000,-1885.9126,-42933.36,39700.03,2125,0,4010.9126
10_9454C3610D0A_E2288FCE3225_5,2023-04-23T00:00:30.000+0000,-1971.8364,-44751.94,41384.18,2363,0,4334.8364
10_9454C3610D0A_E2288FCE3225_5,2023-04-22T23:00:29.000+0000,-2098.536,-47671.848,44409.03,3227,0,5325.536
10_9454C3610D0A_E2288FCE3225_5,2023-04-22T22:31:32.000+0000,-2128.6377,-48437.14,44906.84,3514,0,5642.6377
10_9454C3610D0A_E2288FCE3225_5,2023-04-22T21:31:38.000+0000,-2126.1174,-48209.336,44888.727,3323,0,5449.117
10_9454C3610D0A_E2288FCE3225_5,2023-04-22T21:00:29.000+0000,-2100.9543,-47751.33,45096.516,3256,0,5356.954
10_9454C3610D0A_E2288FCE3225_5,2023-04-22T20:31:29.000+0000,-2072.4705,-46796.395,43783.305,3239,0,5311.4707
10_9454C3610D0A_E2288FCE3225_5,2023-04-22T20:00:40.000+0000,-2044.0316,-46360.543,43344.984,3233,0,5277.0317
10_9454C3610D0A_E2288FCE3225_5,2023-04-22T19:01:36.000+0000,-2007.4332,-45611.707,42613.355,3156,0,5163.433
10_9454C3610D0A_E2288FCE3225_5,2023-04-22T18:31:26.000+0000,-1994.2484,-45358.13,42378.113,3287,0,5281.2485
10_9454C3610D0A_E2288FCE3225_5,2023-04-22T18:02:27.000+0000,-1977.0663,-45041.523,42162.76,3355,0,5332.0664
10_9454C3610D0A_E2288FCE3225_5,2023-04-22T17:31:33.000+0000,-1944.7411,-44456.438,41459.613,3425,0,5369.741
10_9454C3610D0A_E2288FCE3225_5,2023-04-22T16:30:30.000+0000,-1806.9738,-41257.496,38750.22,3586,0,5392.9736
10_9454C3610D0A_E2288FCE3225_5,2023-04-22T16:01:32.000+0000,-1701.3934,-38814.195,36472.96,3668,0,5369.3936
10_9454C3610D0A_E2288FCE3225_5,2023-04-22T15:31:24.000+0000,-1568.4116,-35925.273,33853.03,3475,0,5043.4116
10_9454C3610D0A_E2288FCE3225_5,2023-04-22T14:31:22.000+0000,-1273.5715,-29073.78,27129.652,2905,0,4178.5713
10_9454C3610D0A_E2288FCE3225_5,2023-04-22T14:00:35.000+0000,-1134.0199,-26096.75,24371.885,2604,0,3738.02
10_9454C3610D0A_E2288FCE3225_5,2023-04-22T13:31:37.000+0000,-1025.5231,-23559.805,22122.777,2245,0,3270.523
10_9454C3610D0A_E2288FCE3225_5,2023-04-22T13:00:37.000+0000,-942.27454,-21447.21,20391.93,1525,0,2467.2744
10_9454C3610D0A_E2288FCE3225_5,2023-04-22T12:31:24.000+0000,-897.81635,-20492.281,19451.479,1445,0,2342.8164
10_9454C3610D0A_E2288FCE3225_5,2023-04-22T11:33:19.000+0000,-895.56274,-20541.992,19537.19,1369,0,2264.5627
10_9454C3610D0A_E2288FCE3225_5,2023-04-22T11:00:25.000+0000,-927.8024,-21224.021,19976.895,1391,0,2318.8025
10_9454C3610D0A_E2288FCE3225_5,2023-04-22T10:30:37.000+0000,-964.6902,-22121.297,20876.03,1441,0,2405.6902
10_9454C3610D0A_E2288FCE3225_5,2023-04-22T09:01:23.000+0000,-1051.5305,-24121.908,22789.443,1611,0,2662.5305
10_9454C3610D0A_E2288FCE3225_5,2023-04-22T08:31:34.000+0000,-1065.801,-24397.15,23140.172,1648,0,2713.801
10_9454C3610D0A_E2288FCE3225_5,2023-04-22T08:01:41.000+0000,-1075.8505,-24685.484,23266.39,1750,0,2825.8506
10_9454C3610D0A_E2288FCE3225_5,2023-04-22T07:01:36.000+0000,-1097.5917,-25184.863,24014.066,1733,0,2830.5918
10_9454C3610D0A_E2288FCE3225_5,2023-04-22T06:02:50.000+0000,-1134.508,-26175.846,24809.59,1655,0,2789.508
10_9454C3610D0A_E2288FCE3225_5,2023-04-22T05:31:26.000+0000,-1160.3899,-26833.656,25407.592,1735,0,2895.39
10_9454C3610D0A_E2288FCE3225_5,2023-04-22T05:01:40.000+0000,-1186.9984,-27435.508,25816.969,1756,0,2942.9985
10_9454C3610D0A_E2288FCE3225_5,2023-04-22T04:31:25.000+0000,-1215.0664,-28054.297,26368.516,1890,0,3105.0664
10_9454C3610D0A_E2288FCE3225_5,2023-04-22T04:00:42.000+0000,-1244.8593,-28836.56,27064.08,1976,0,3220.8594
10_9454C3610D0A_E2288FCE3225_5,2023-04-22T03:30:40.000+0000,-1276.9702,-29582.06,27814.938,2007,0,3283.9702
10_9454C3610D0A_E2288FCE3225_5,2023-04-22T03:01:40.000+0000,-1313.3992,-30339.066,28560.08,2057,0,3370.3992
10_9454C3610D0A_E2288FCE3225_5,2023-04-22T02:31:28.000+0000,-1359.939,-31359.883,29907.09,2232,0,3591.939
10_9454C3610D0A_E2288FCE3225_5,2023-04-22T02:00:44.000+0000,-1418.4617,-32913.9,31016.785,2303,0,3721.4617
10_9454C3610D0A_E2288FCE3225_5,2023-04-22T01:31:41.000+0000,-1484.2524,-34540.465,32455.941,2488,0,3972.2524
10_9454C3610D0A_E2288FCE3225_5,2023-04-22T01:01:27.000+0000,-1561.0914,-36261.72,34242.98,2714,0,4275.0913
10_9454C3610D0A_E2288FCE3225_5,2023-04-22T00:31:40.000+0000,-1640.236,-37915.016,36073.004,2831,0,4471.236
10_9454C3610D0A_E2288FCE3225_5,2023-04-22T00:00:25.000+0000,-1719.6948,-39944.84,37778.785,2884,0,4603.695
10_9454C3610D0A_E2288FCE3225_5,2023-04-21T23:31:40.000+0000,-1782.6583,-41162.625,39186.22,2891,0,4673.658
10_9454C3610D0A_E2288FCE3225_5,2023-04-21T23:01:30.000+0000,-1832.2473,-42462.754,40526.684,3020,0,4852.247
10_9454C3610D0A_E2288FCE3225_5,2023-04-21T22:31:38.000+0000,-1861.219,-43110.25,41090.49,3197,0,5058.2188
10_9454C3610D0A_E2288FCE3225_5,2023-04-21T22:00:31.000+0000,-1869.9261,-43539.715,41129.246,2979,0,4848.9263
10_9454C3610D0A_E2288FCE3225_5,2023-04-21T21:30:26.000+0000,-1860.9325,-43241.05,41296.805,2963,0,4823.9326
10_9454C3610D0A_E2288FCE3225_5,2023-04-21T21:01:43.000+0000,-1841.9348,-42827.83,40762.996,2883,0,4724.9346
10_9454C3610D0A_E2288FCE3225_5,2023-04-21T20:31:34.000+0000,-1817.9026,-42291.234,40265.54,2820,0,4637.9023
10_9454C3610D0A_E2288FCE3225_5,2023-04-21T19:01:38.000+0000,-1770.6357,-41234.84,39311.88,2664,0,4434.6357
10_9454C3610D0A_E2288FCE3225_5,2023-04-21T18:01:30.000+0000,-1753.0657,-41036.56,38609.066,2700,0,4453.0654
10_9454C3610D0A_E2288FCE3225_5,2023-04-21T17:30:33.000+0000,-1729.4524,-40453.836,38507.25,2815,0,4544.452
10_9454C3610D0A_E2288FCE3225_5,2023-04-21T17:01:40.000+0000,-1688.742,-39613.6,37642.082,2750,0,4438.742
10_9454C3610D0A_E2288FCE3225_5,2023-04-21T16:31:39.000+0000,-1622.6075,-37911.742,36076.707,2752,0,4374.6074
10_9454C3610D0A_E2288FCE3225_5,2023-04-21T16:00:47.000+0000,-1528.6271,-35744.176,33929.656,2785,0,4313.627
10_9454C3610D0A_E2288FCE3225_5,2023-04-21T15:30:37.000+0000,-1415.6294,-33282.355,31256.63,2752,0,4167.6294
10_9454C3610D0A_E2288FCE3225_5,2023-04-21T15:00:36.000+0000,-1291.0707,-30274.004,28543.16,2679,0,3970.0708
10_9454C3610D0A_E2288FCE3225_5,2023-04-21T14:31:25.000+0000,-1169.2052,-27372.28,25907.938,2459,0,3628.205
10_9454C3610D0A_E2288FCE3225_5,2023-04-21T14:01:39.000+0000,-1055.8103,-24826.549,23458.188,2132,0,3187.8103
10_9454C3610D0A_E2288FCE3225_5,2023-04-21T13:31:45.000+0000,-963.4226,-22423.252,21503.988,1889,0,2852.4226
10_9454C3610D0A_E2288FCE3225_5,2023-04-21T13:01:35.000+0000,-899.3911,-21179.86,19992.695,1424,0,2323.391
10_9454C3610D0A_E2288FCE3225_5,2023-04-21T12:30:41.000+0000,-867.0678,-20246.42,19322.521,1204,0,2071.0679
10_9454C3610D0A_E2288FCE3225_5,2023-04-21T12:00:36.000+0000,-865.8325,-20330.838,19230.633,1282,0,2147.8325
10_9454C3610D0A_E2288FCE3225_5,2023-04-21T11:01:32.000+0000,-924.6681,-21815.75,20687.922,1506,0,2430.668
10_9454C3610D0A_E2288FCE3225_5,2023-04-21T10:31:26.000+0000,-969.0177,-22744.78,21713.057,1648,0,2617.0176
10_9454C3610D0A_E2288FCE3225_5,2023-04-21T10:01:40.000+0000,-1012.22656,-23838.996,22627.34,1657,0,2669.2266
10_9454C3610D0A_E2288FCE3225_5,2023-04-21T09:31:42.000+0000,-1050.1708,-24567.338,23509.887,1648,0,2698.171
10_9454C3610D0A_E2288FCE3225_5,2023-04-21T08:30:46.000+0000,-1105.2041,-25972.957,24793.664,1649,0,2754.204
10_9454C3610D0A_E2288FCE3225_5,2023-04-21T08:01:27.000+0000,-1124.6229,-26728.473,25383.137,1800,0,2924.623
10_9454C3610D0A_E2288FCE3225_5,2023-04-21T07:30:31.000+0000,-1144.584,-27011.49,25594.262,1815,0,2959.584
10_9454C3610D0A_E2288FCE3225_5,2023-04-21T07:00:42.000+0000,-1166.157,-27308,26305.434,1828,0,2994.157
10_9454C3610D0A_E2288FCE3225_5,2023-04-21T06:31:32.000+0000,-1190.9668,-28137.895,27020.455,1896,0,3086.9668
10_9454C3610D0A_E2288FCE3225_5,2023-04-21T06:01:38.000+0000,-1220.2969,-28630.895,27398.979,1988,0,3208.2969
10_9454C3610D0A_E2288FCE3225_5,2023-04-21T05:31:35.000+0000,-1252.7434,-29685.967,28149.748,1954,0,3206.7434
10_9454C3610D0A_E2288FCE3225_5,2023-04-21T05:01:43.000+0000,-1286.556,-30519.91,28986.346,2056,0,3342.5562
10_9454C3610D0A_E2288FCE3225_5,2023-04-21T04:31:38.000+0000,-1321.2438,-31379.36,29934.604,2148,0,3469.2437
10_9454C3610D0A_E2288FCE3225_5,2023-04-21T03:30:33.000+0000,-1395.6658,-32821.367,31746.373,2208,0,3603.6658
10_9454C3610D0A_E2288FCE3225_5,2023-04-21T03:01:47.000+0000,-1436.3213,-33959.035,32652.732,2281,0,3717.3213
10_9454C3610D0A_E2288FCE3225_5,2023-04-21T02:30:41.000+0000,-1487.9327,-35334.277,33976.863,2404,0,3891.9326
10_9454C3610D0A_E2288FCE3225_5,2023-04-21T02:00:45.000+0000,-1546.9656,-36861.805,35391.234,2622,0,4168.966
10_9454C3610D0A_E2288FCE3225_5,2023-04-21T01:31:43.000+0000,-1613.0598,-38272.832,36805.875,2753,0,4366.0596
10_9454C3610D0A_E2288FCE3225_5,2023-04-21T01:01:40.000+0000,-1688.4403,-39957.5,38850.418,3002,0,4690.4404
10_9454C3610D0A_E2288FCE3225_5,2023-04-21T00:30:36.000+0000,-1769.0482,-41871.293,40675.477,3149,0,4918.0483
10_9454C3610D0A_E2288FCE3225_5,2023-04-21T00:00:38.000+0000,-1843.0991,-43946.88,42281.45,3189,0,5032.099
10_9454C3610D0A_E2288FCE3225_5,2023-04-20T23:31:41.000+0000,-1905.0208,-45537.72,43625.332,3264,0,5169.0205
10_9454C3610D0A_E2288FCE3225_5,2023-04-20T23:01:41.000+0000,-1953.8901,-46662.637,44712.71,3486,0,5439.89
10_9454C3610D0A_E2288FCE3225_5,2023-04-20T22:30:44.000+0000,-1984.6423,-47499.33,45750.945,3501,0,5485.6426
10_9454C3610D0A_E2288FCE3225_5,2023-04-20T22:01:41.000+0000,-1995.1763,-47653.06,45917.793,3391,0,5386.1763
10_9454C3610D0A_E2288FCE3225_5,2023-04-20T21:30:41.000+0000,-1989.9325,-47595.996,45921.28,3360,0,5349.9326
10_9454C3610D0A_E2288FCE3225_5,2023-04-20T21:01:31.000+0000,-1974.5999,-47344.35,45569.15,3378,0,5352.5996
10_9454C3610D0A_E2288FCE3225_5,2023-04-20T20:30:46.000+0000,-1954.0371,-46791.066,45056.613,3192,0,5146.037
10_9454C3610D0A_E2288FCE3225_5,2023-04-20T20:01:37.000+0000,-1935.7921,-46195.453,44657.074,3245,0,5180.792
10_9454C3610D0A_E2288FCE3225_5,2023-04-20T19:30:44.000+0000,-1921.3517,-46210.586,44539.137,3080,0,5001.3516
10_9454C3610D0A_E2288FCE3225_5,2023-04-20T19:00:50.000+0000,-1912.3606,-45829.543,44390.668,3057,0,4969.3604
10_9454C3610D0A_E2288FCE3225_5,2023-04-20T18:31:42.000+0000,-1905.266,-45672.33,44476.74,3094,0,4999.266
10_9454C3610D0A_E2288FCE3225_5,2023-04-20T18:00:29.000+0000,-1893.2382,-45311.22,44206.53,3021,0,4914.2383
10_9454C3610D0A_E2288FCE3225_5,2023-04-20T17:30:39.000+0000,-1870.1288,-45221.047,43537.79,2960,0,4830.129
10_9454C3610D0A_E2288FCE3225_5,2023-04-20T17:00:36.000+0000,-1828.6459,-44022.258,42728.816,2900,0,4728.646
10_9454C3610D0A_E2288FCE3225_5,2023-04-20T16:30:43.000+0000,-1765.084,-42395.344,41405.36,2784,0,4549.084
10_9454C3610D0A_E2288FCE3225_5,2023-04-20T16:00:40.000+0000,-1678.2694,-40473.723,39128.582,2760,0,4438.2695
10_9454C3610D0A_E2288FCE3225_5,2023-04-20T15:31:38.000+0000,-1576.1487,-37974.52,36990.582,2721,0,4297.1484
10_9454C3610D0A_E2288FCE3225_5,2023-04-20T15:01:48.000+0000,-1459.8696,-35078.523,34230.402,2856,0,4315.8696
10_9454C3610D0A_E2288FCE3225_5,2023-04-20T14:31:40.000+0000,-1340.8342,-32367.01,31474.387,2800,0,4140.834
10_9454C3610D0A_E2288FCE3225_5,2023-04-20T14:00:35.000+0000,-1227.9833,-29664.283,28601.17,2729,0,3956.9834
10_9454C3610D0A_E2288FCE3225_5,2023-04-20T13:01:25.000+0000,-1075.8695,-25847.434,25263.195,2046,0,3121.8696
10_9454C3610D0A_E2288FCE3225_5,2023-04-20T12:30:46.000+0000,-1038.4749,-25001.137,24487.18,1900,0,2938.4749
10_9454C3610D0A_E2288FCE3225_5,2023-04-20T12:01:51.000+0000,-1028.1177,-24866.99,24304.871,1920,0,2948.1177
10_9454C3610D0A_E2288FCE3225_5,2023-04-20T11:31:01.000+0000,-1038.2758,-25202.865,24375.734,1891,0,2929.276
10_9454C3610D0A_E2288FCE3225_5,2023-04-20T11:01:38.000+0000,-1061.1116,-25660.72,25009.734,1972,0,3033.1116
10_9454C3610D0A_E2288FCE3225_5,2023-04-20T10:01:33.000+0000,-1117.7405,-27163.496,26425.412,2105,0,3222.7405
10_9454C3610D0A_E2288FCE3225_5,2023-04-20T09:31:43.000+0000,-1139.918,-27630.783,26873.355,2193,0,3332.918
10_9454C3610D0A_E2288FCE3225_5,2023-04-20T09:01:44.000+0000,-1155.1115,-28059.676,27526.982,2229,0,3384.1113
10_9454C3610D0A_E2288FCE3225_5,2023-04-20T08:30:50.000+0000,-1164.1688,-28349.182,27811.28,2247,0,3411.169
10_9454C3610D0A_E2288FCE3225_5,2023-04-20T08:01:32.000+0000,-1168.971,-28586.887,28022.398,2275,0,3443.971
10_9454C3610D0A_E2288FCE3225_5,2023-04-20T07:30:44.000+0000,-1173.1803,-28692.535,27888.588,2308,0,3481.1802
10_9454C3610D0A_E2288FCE3225_5,2023-04-20T07:01:31.000+0000,-1178.8528,-28624.975,27945.357,2370,0,3548.8528
10_9454C3610D0A_E2288FCE3225_5,2023-04-20T06:31:40.000+0000,-1187.7397,-29172.3,28160.04,2398,0,3585.7397
10_9454C3610D0A_E2288FCE3225_5,2023-04-20T06:01:34.000+0000,-1199.9867,-29207.133,28695.91,2441,0,3640.9868
10_9454C3610D0A_E2288FCE3225_5,2023-04-20T05:30:41.000+0000,-1215.0592,-29675.604,29129.525,2503,0,3718.059
10_9454C3610D0A_E2288FCE3225_5,2023-04-20T05:01:42.000+0000,-1230.3438,-30090.146,29351.295,2577,0,3807.3438
10_9454C3610D0A_E2288FCE3225_5,2023-04-20T04:30:43.000+0000,-1247.071,-30608.205,29931.791,2640,0,3887.071
10_9454C3610D0A_E2288FCE3225_5,2023-04-20T04:00:33.000+0000,-1263.9427,-31009.342,30255.943,2712,0,3975.9429
10_9454C3610D0A_E2288FCE3225_5,2023-04-20T03:31:42.000+0000,-1281.8947,-31626.63,30931.46,2797,0,4078.8945
10_9454C3610D0A_E2288FCE3225_5,2023-04-20T03:01:29.000+0000,-1304.786,-32328.799,31283.86,2934,0,4238.786
10_9454C3610D0A_E2288FCE3225_5,2023-04-20T02:33:18.000+0000,-1332.035,-32783.465,31998.557,2973,0,4305.035
10_9454C3610D0A_E2288FCE3225_5,2023-04-20T02:00:46.000+0000,-1372.4283,-33728.72,33022.805,3126,0,4498.428
10_9454C3610D0A_E2288FCE3225_5,2023-04-20T01:31:42.000+0000,-1416.7417,-34979.27,34109.21,3164,0,4580.7417
10_9454C3610D0A_E2288FCE3225_5,2023-04-20T01:00:31.000+0000,-1470.8165,-36533.004,35283.766,3347,0,4817.8164
10_9454C3610D0A_E2288FCE3225_5,2023-04-20T00:30:43.000+0000,-1524.764,-37880.43,36624.855,3474,0,4998.764
10_9454C3610D0A_E2288FCE3225_5,2023-04-19T23:31:36.000+0000,-1616.965,-40137.63,38839.18,3584,0,5200.965
10_9454C3610D0A_E2288FCE3225_5,2023-04-19T23:01:32.000+0000,-1645.8771,-40915.363,39734.83,3710,0,5355.877
10_9454C3610D0A_E2288FCE3225_5,2023-04-19T22:31:31.000+0000,-1658.2421,-41510.91,39770.65,3815,0,5473.242
10_9454C3610D0A_E2288FCE3225_5,2023-04-19T21:59:40.000+0000,-1653.2571,-41110.395,39749.223,3646,0,5299.257
10_9454C3610D0A_E2288FCE3225_5,2023-04-19T21:30:38.000+0000,-1635.142,-40647.586,39370.535,3671,0,5306.142
10_9454C3610D0A_E2288FCE3225_5,2023-04-19T21:01:36.000+0000,-1608.5474,-40434.33,38491.336,3637,0,5245.5474
10_9454C3610D0A_E2288FCE3225_5,2023-04-19T20:30:44.000+0000,-1576.6902,-39496.3,38017.93,3634,0,5210.6904
10_9454C3610D0A_E2288FCE3225_5,2023-04-19T20:02:59.000+0000,-1549.3373,-39040.918,37725.383,3648,0,5197.3374
10_9454C3610D0A_E2288FCE3225_5,2023-04-19T19:31:45.000+0000,-1523.1918,-38213.46,36809.04,3629,0,5152.192
10_9454C3610D0A_E2288FCE3225_5,2023-04-19T19:00:33.000+0000,-1502.2449,-37648.36,36272.875,3655,0,5157.245
10_9454C3610D0A_E2288FCE3225_5,2023-04-19T18:31:39.000+0000,-1484.7445,-37221.746,35529.184,3685,0,5169.7446
10_9454C3610D0A_E2288FCE3225_5,2023-04-19T18:00:49.000+0000,-1462.678,-36905.844,35257.055,3735,0,5197.6777
10_9454C3610D0A_E2288FCE3225_5,2023-04-19T17:01:36.000+0000,-1385.9686,-35134.33,33501.74,3632,0,5017.9688
10_9454C3610D0A_E2288FCE3225_5,2023-04-19T16:30:29.000+0000,-1317.4556,-33441.58,31749.537,3589,0,4906.4556
10_9454C3610D0A_E2288FCE3225_5,2023-04-19T16:03:29.000+0000,-1240.7587,-31724.225,30002.91,3479,0,4719.759
10_9454C3610D0A_E2288FCE3225_5,2023-04-19T15:30:35.000+0000,-1129.2897,-28787.584,27444.416,3364,0,4493.2896
10_9454C3610D0A_E2288FCE3225_5,2023-04-19T15:00:51.000+0000,-1018.4583,-25810.488,24767.082,3201,0,4219.4585
10_9454C3610D0A_E2288FCE3225_5,2023-04-19T14:02:50.000+0000,-809.19714,-20652.936,19723.385,2750,0,3559.1973
10_9454C3610D0A_E2288FCE3225_5,2023-04-19T13:34:46.000+0000,-726.9448,-18460.98,17518.467,2530,0,3256.9448
10_9454C3610D0A_E2288FCE3225_5,2023-04-19T12:30:33.000+0000,-616.27313,-15804.945,15170.105,1935,0,2551.2732
10_9454C3610D0A_E2288FCE3225_5,2023-04-19T12:01:36.000+0000,-602.43994,-15387.4795,14719.135,1976,0,2578.44
10_9454C3610D0A_E2288FCE3225_5,2023-04-19T11:30:47.000+0000,-606.9056,-15446.668,15000.096,2037,0,2643.9055
10_9454C3610D0A_E2288FCE3225_5,2023-04-19T11:02:13.000+0000,-622.6671,-15874.782,15415.918,2065,0,2687.667
10_9454C3610D0A_E2288FCE3225_5,2023-04-19T10:30:31.000+0000,-645.8451,-16507.117,15973.034,2087,0,2732.8452
10_9454C3610D0A_E2288FCE3225_5,2023-04-19T10:00:47.000+0000,-667.0942,-17170.148,16530.04,2117,0,2784.0942
10_9454C3610D0A_E2288FCE3225_5,2023-04-19T09:31:50.000+0000,-683.68365,-17742.182,16954.826,2150,0,2833.6836
10_9454C3610D0A_E2288FCE3225_5,2023-04-19T09:00:53.000+0000,-695.48694,-17960.08,17261.729,2211,0,2906.4868
10_9454C3610D0A_E2288FCE3225_5,2023-04-19T08:30:39.000+0000,-701.8477,-18107.863,17360.088,2245,0,2946.8477
10_9454C3610D0A_E2288FCE3225_5,2023-04-19T07:31:44.000+0000,-708.43445,-18367.518,17643.795,2319,0,3027.4346
10_9454C3610D0A_E2288FCE3225_5,2023-04-19T07:01:31.000+0000,-713.6853,-18487.39,18075.555,2364,0,3077.6853
10_9454C3610D0A_E2288FCE3225_5,2023-04-19T06:30:49.000+0000,-722.38074,-18897.678,17874.646,2426,0,3148.3809
10_9454C3610D0A_E2288FCE3225_5,2023-04-19T06:01:36.000+0000,-733.8928,-19059.082,18284.904,2462,0,3195.8928
10_9454C3610D0A_E2288FCE3225_5,2023-04-19T05:30:53.000+0000,-748.58844,-19419.379,18740.406,2513,0,3261.5884
10_9454C3610D0A_E2288FCE3225_5,2023-04-19T05:00:37.000+0000,-764.55634,-19952.537,19323.178,2575,0,3339.5564
10_9454C3610D0A_E2288FCE3225_5,2023-04-19T04:30:45.000+0000,-781.04297,-20284.453,19807.297,2642,0,3423.043
10_9454C3610D0A_E2288FCE3225_5,2023-04-19T04:00:39.000+0000,-798.5526,-20865.854,20167.826,2642,0,3440.5527
10_9454C3610D0A_E2288FCE3225_5,2023-04-19T03:31:48.000+0000,-817.2702,-21192.727,20522.658,2436,0,3253.2703
10_9454C3610D0A_E2288FCE3225_5,2023-04-19T03:01:51.000+0000,-840.56506,-21993.29,21373.7,2523,0,3363.565
10_9454C3610D0A_E2288FCE3225_5,2023-04-19T02:30:30.000+0000,-871.3769,-22906.188,22091.053,2634,0,3505.377
10_9454C3610D0A_E2288FCE3225_5,2023-04-19T02:01:45.000+0000,-906.7868,-23731.947,23235.63,2809,0,3715.7869
10_9454C3610D0A_E2288FCE3225_5,2023-04-19T01:30:38.000+0000,-952.8706,-24876.686,24132.824,3021,0,3973.8706
10_9454C3610D0A_E2288FCE3225_5,2023-04-19T00:31:34.000+0000,-1053.9254,-27694.07,26939.7,3387,0,4440.9253
10_9454C3610D0A_E2288FCE3225_5,2023-04-19T00:01:35.000+0000,-1103.8588,-29038.428,28388.383,3474,0,4577.859
10_9454C3610D0A_E2288FCE3225_5,2023-04-18T23:31:48.000+0000,-1146.0618,-30399.168,29625.88,3529,0,4675.0615
10_9454C3610D0A_E2288FCE3225_5,2023-04-18T23:01:42.000+0000,-1176.9684,-31105.387,30074.584,3665,0,4841.9683
10_9454C3610D0A_E2288FCE3225_5,2023-04-18T22:31:31.000+0000,-1193.5927,-31499.656,30657.316,3727,0,4920.593
10_9454C3610D0A_E2288FCE3225_5,2023-04-18T22:00:44.000+0000,-1195.6263,-31647.105,30629.361,3678,0,4873.6265
10_9454C3610D0A_E2288FCE3225_5,2023-04-18T21:30:49.000+0000,-1185.5275,-31582.56,30575.9,3700,0,4885.5273
10_9454C3610D0A_E2288FCE3225_5,2023-04-18T21:00:39.000+0000,-1167.5063,-30951.744,30007.865,3695,0,4862.5063
10_9454C3610D0A_E2288FCE3225_5,2023-04-18T20:30:45.000+0000,-1146.7588,-30518.475,29642.47,3708,0,4854.759
10_9454C3610D0A_E2288FCE3225_5,2023-04-18T20:00:55.000+0000,-1127.4918,-30025.135,29127.17,3698,0,4825.4917
10_9454C3610D0A_E2288FCE3225_5,2023-04-18T19:30:49.000+0000,-1112.123,-29747.521,28831.373,3668,0,4780.123
10_9454C3610D0A_E2288FCE3225_5,2023-04-18T19:02:28.000+0000,-1101.5342,-29413.014,28582.76,3750,0,4851.534
10_9454C3610D0A_E2288FCE3225_5,2023-04-18T18:31:38.000+0000,-1091.8253,-29150.58,28267.217,3782,0,4873.825
10_9454C3610D0A_E2288FCE3225_5,2023-04-18T18:01:51.000+0000,-1079.7217,-28859.645,27994.734,3744,0,4823.7217
10_9454C3610D0A_E2288FCE3225_5,2023-04-18T17:31:34.000+0000,-1059.0022,-28261.639,27426.271,3737,0,4796.002
10_9454C3610D0A_E2288FCE3225_5,2023-04-18T17:00:46.000+0000,-1023.823,-27535.635,26456.88,3628,0,4651.823
10_9454C3610D0A_E2288FCE3225_5,2023-04-18T16:30:56.000+0000,-972.8674,-26202.408,25216.389,3467,0,4439.867
10_9454C3610D0A_E2288FCE3225_5,2023-04-18T16:04:43.000+0000,-914.0068,-24564.916,23806.549,3393,0,4307.007
10_9454C3610D0A_E2288FCE3225_5,2023-04-18T15:30:32.000+0000,-820.74567,-22071.861,21339.666,3182,0,4002.7456
10_9454C3610D0A_E2288FCE3225_5,2023-04-18T15:01:34.000+0000,-732.92755,-19756.79,19122.81,2960,0,3692.9275
10_9454C3610D0A_E2288FCE3225_5,2023-04-18T14:30:58.000+0000,-639.5818,-17264.42,16600.654,2765,0,3404.5818
10_9454C3610D0A_E2288FCE3225_5,2023-04-18T14:01:49.000+0000,-558.0357,-15181.743,14526.478,2480,0,3038.0356
10_9454C3610D0A_E2288FCE3225_5,2023-04-18T13:30:44.000+0000,-486.63467,-13199.837,12673.586,2252,0,2738.6348
10_9454C3610D0A_E2288FCE3225_5,2023-04-18T13:00:56.000+0000,-438.1926,-11829.088,11438.0205,1823,0,2261.1926
10_9454C3610D0A_E2288FCE3225_5,2023-04-18T12:00:39.000+0000,-403.95892,-10956.476,10502.93,1773,0,2176.959
10_9454C3610D0A_E2288FCE3225_5,2023-04-18T11:31:32.000+0000,-412.62317,-11208.679,10775.998,1780,0,2192.623
10_9454C3610D0A_E2288FCE3225_5,2023-04-18T11:00:47.000+0000,-432.35556,-11829.058,11301.171,1788,0,2220.3555
10_9454C3610D0A_E2288FCE3225_5,2023-04-18T10:30:44.000+0000,-456.08252,-12478.7,11892.955,1873,0,2329.0825
10_9454C3610D0A_E2288FCE3225_5,2023-04-18T10:00:49.000+0000,-478.98904,-13178.414,12580.903,1936,0,2414.989
10_9454C3610D0A_E2288FCE3225_5,2023-04-18T09:31:45.000+0000,-497.44766,-13649.042,13151.736,1986,0,2483.4478
10_9454C3610D0A_E2288FCE3225_5,2023-04-18T09:01:52.000+0000,-511.31937,-13986.395,13389.5205,2004,0,2515.3193
10_9454C3610D0A_E2288FCE3225_5,2023-04-18T08:30:45.000+0000,-520.9158,-14308.116,13692.539,2059,0,2579.9158
10_9454C3610D0A_E2288FCE3225_5,2023-04-18T08:00:48.000+0000,-527.39,-14599.056,14046.554,2124,0,2651.3901
10_9454C3610D0A_E2288FCE3225_5,2023-04-18T07:30:45.000+0000,-533.47504,-14702.348,14009.354,2151,0,2684.475
10_9454C3610D0A_E2288FCE3225_5,2023-04-18T07:00:34.000+0000,-541.11383,-14861.594,14286.12,2174,0,2715.1138
10_9454C3610D0A_E2288FCE3225_5,2023-04-18T06:00:39.000+0000,-564.017,-15611.345,14971.338,2210,0,2774.017
10_9454C3610D0A_E2288FCE3225_5,2023-04-18T05:30:47.000+0000,-578.64886,-16127.863,15204.685,2227,0,2805.649
10_9454C3610D0A_E2288FCE3225_5,2023-04-18T05:01:53.000+0000,-593.7592,-16536.277,15765.672,2256,0,2849.7593
10_9454C3610D0A_E2288FCE3225_5,2023-04-18T04:30:48.000+0000,-610.42236,-17039.133,16112.711,2216,0,2826.4224
10_9454C3610D0A_E2288FCE3225_5,2023-04-18T04:00:49.000+0000,-627.0334,-17338.51,16616.648,2201,0,2828.0334
10_9454C3610D0A_E2288FCE3225_5,2023-04-18T03:31:39.000+0000,-644.6607,-17864.469,17294.918,2184,0,2828.6606
10_9454C3610D0A_E2288FCE3225_5,2023-04-18T03:00:45.000+0000,-666.6263,-18711.582,17749.238,2222,0,2888.6262
10_9454C3610D0A_E2288FCE3225_5,2023-04-18T02:31:38.000+0000,-692.1332,-19618.57,18610.986,2259,0,2951.1333
10_9454C3610D0A_E2288FCE3225_5,2023-04-18T02:00:45.000+0000,-725.55414,-20313.531,19417.203,2260,0,2985.5542
10_9454C3610D0A_E2288FCE3225_5,2023-04-18T01:30:57.000+0000,-764.0464,-21428.176,20317.803,2300,0,3064.0464
10_9454C3610D0A_E2288FCE3225_5,2023-04-18T00:31:34.000+0000,-851.65674,-24046.27,22813.846,2475,0,3326.6567
10_9454C3610D0A_E2288FCE3225_5,2023-04-18T00:00:39.000+0000,-895.6921,-25285.578,23716.043,2644,0,3539.6921
10_9454C3610D0A_E2288FCE3225_5,2023-04-17T23:30:50.000+0000,-931.45197,-26440.244,24865.611,2779,0,3710.452
10_9454C3610D0A_E2288FCE3225_5,2023-04-17T23:00:49.000+0000,-957.18744,-27195.008,25785.47,2875,0,3832.1875
10_9454C3610D0A_E2288FCE3225_5,2023-04-17T22:30:53.000+0000,-970.5645,-27332.63,26043.69,2896,0,3866.5645
10_9454C3610D0A_E2288FCE3225_5,2023-04-17T22:00:41.000+0000,-971.6197,-27573.191,26075.238,2942,0,3913.6196
10_9454C3610D0A_E2288FCE3225_5,2023-04-17T21:32:41.000+0000,-963.21606,-27334.771,26026.613,2998,0,3961.216
10_9454C3610D0A_E2288FCE3225_5,2023-04-17T21:01:36.000+0000,-946.90717,-27090.8,25492.22,3014,0,3960.9072
10_9454C3610D0A_E2288FCE3225_5,2023-04-17T20:30:52.000+0000,-927.9778,-26586.87,25197.605,2971,0,3898.9778
10_9454C3610D0A_E2288FCE3225_5,2023-04-17T20:00:35.000+0000,-910.5229,-26120.191,24792.816,2862,0,3772.523
10_9454C3610D0A_E2288FCE3225_5,2023-04-17T19:31:42.000+0000,-897.13086,-25820.46,24277.812,2711,0,3608.1309
10_9454C3610D0A_E2288FCE3225_5,2023-04-17T19:01:38.000+0000,-886.70654,-25318.066,24072.879,2599,0,3485.7065
10_9454C3610D0A_E2288FCE3225_5,2023-04-17T18:30:42.000+0000,-877.52167,-25280.027,23888.145,2691,0,3568.5217
10_9454C3610D0A_E2288FCE3225_5,2023-04-17T18:00:48.000+0000,-866.16864,-24991.34,23689.941,2036,0,2902.1687
10_9454C3610D0A_E2288FCE3225_5,2023-04-17T17:31:54.000+0000,-848.44745,-24491.357,22988.023,2336,0,3184.4475
10_9454C3610D0A_E2288FCE3225_5,2023-04-17T17:00:50.000+0000,-817.5369,-23572.686,22272.05,2374,0,3191.5369
10_9454C3610D0A_E2288FCE3225_5,2023-04-17T16:31:36.000+0000,-774.5605,-22424.357,21189.992,2119,0,2893.5605
10_9454C3610D0A_E2288FCE3225_5,2023-04-17T16:00:55.000+0000,-714.65894,-20749.77,19609.902,1774,0,2488.659
10_9454C3610D0A_E2288FCE3225_5,2023-04-17T15:31:58.000+0000,-646.60583,-18893.402,17764.027,1657,0,2303.606
10_9454C3610D0A_E2288FCE3225_5,2023-04-17T15:00:44.000+0000,-565.8825,-16417.572,15633.965,1815,0,2380.8826
10_9454C3610D0A_E2288FCE3225_5,2023-04-17T14:30:40.000+0000,-487.827,-14350.967,13498.657,2087,0,2574.827
10_9454C3610D0A_E2288FCE3225_5,2023-04-17T14:01:50.000+0000,-419.3097,-12146.301,11624.764,2326,0,2745.3096
10_9454C3610D0A_E2288FCE3225_5,2023-04-17T13:30:54.000+0000,-358.99054,-10560.126,9934.413,1768,0,2126.9905
10_9454C3610D0A_E2288FCE3225_5,2023-04-17T12:30:54.000+0000,-294.8807,-8617.686,8202.278,1768,0,2062.8806
10_9454C3610D0A_E2288FCE3225_5,2023-04-17T12:01:45.000+0000,-289.1719,-8488.781,8070.5303,1719,0,2008.1719
10_9454C3610D0A_E2288FCE3225_5,2023-04-17T11:31:54.000+0000,-296.78607,-8819.425,8284.079,1681,0,1977.7861
10_9454C3610D0A_E2288FCE3225_5,2023-04-17T11:00:40.000+0000,-314.21924,-9371.527,8789.299,1581,0,1895.2192
10_9454C3610D0A_E2288FCE3225_5,2023-04-17T10:30:59.000+0000,-334.64355,-9873.795,9445.623,1325,0,1659.6436
10_9454C3610D0A_E2288FCE3225_5,2023-04-17T10:01:44.000+0000,-354.3425,-10542.916,9955.557,1399,0,1753.3425
10_9454C3610D0A_E2288FCE3225_5,2023-04-17T09:30:55.000+0000,-371.78604,-11094.973,10382.913,1443,0,1814.786
10_9454C3610D0A_E2288FCE3225_5,2023-04-17T09:01:40.000+0000,-384.1919,-11594.898,10811.507,1474,0,1858.1919
10_9454C3610D0A_E2288FCE3225_5,2023-04-17T08:30:47.000+0000,-393.45746,-11728.727,11365.072,1507,0,1900.4575
10_9454C3610D0A_E2288FCE3225_5,2023-04-17T08:01:38.000+0000,-400.1112,-12008.662,11291.386,1519,0,1919.1112
10_9454C3610D0A_E2288FCE3225_5,2023-04-17T07:30:52.000+0000,-406.9165,-12331.673,11580.653,1502,0,1908.9165
10_9454C3610D0A_E2288FCE3225_5,2023-04-17T07:01:39.000+0000,-414.7363,-12521.074,12005.908,1557,0,1971.7363
10_9454C3610D0A_E2288FCE3225_5,2023-04-17T06:31:55.000+0000,-424.9262,-12809.085,12108.035,1620,0,2044.9263
10_9454C3610D0A_E2288FCE3225_5,2023-04-17T06:01:38.000+0000,-437.6817,-13186.292,12660.043,1703,0,2140.6816
10_9454C3610D0A_E2288FCE3225_5,2023-04-17T05:30:51.000+0000,-452.50583,-13695.848,13056.04,1798,0,2250.5059
10_9454C3610D0A_E2288FCE3225_5,2023-04-17T05:00:52.000+0000,-467.94293,-14199.177,13463.436,1892,0,2359.9429
10_9454C3610D0A_E2288FCE3225_5,2023-04-17T04:30:54.000+0000,-483.83545,-14667.847,13866.372,1962,0,2445.8354
10_9454C3610D0A_E2288FCE3225_5,2023-04-17T04:00:57.000+0000,-500.29184,-15333.182,14530.834,2012,0,2512.2917
10_9454C3610D0A_E2288FCE3225_5,2023-04-17T03:30:43.000+0000,-518.3362,-15884.275,15094.732,2033,0,2551.3362
10_9454C3610D0A_E2288FCE3225_5,2023-04-17T03:00:56.000+0000,-538.8869,-16464.771,15541.892,2047,0,2585.887
10_9454C3610D0A_E2288FCE3225_5,2023-04-17T02:30:55.000+0000,-563.85175,-17494.266,16428.379,2153,0,2716.8518
10_9454C3610D0A_E2288FCE3225_5,2023-04-17T02:00:58.000+0000,-594.00635,-18276.717,17275.582,2257,0,2851.0063
10_9454C3610D0A_E2288FCE3225_5,2023-04-17T01:30:51.000+0000,-629.61505,-19365.82,18560.049,2392,0,3021.615
10_9454C3610D0A_E2288FCE3225_5,2023-04-17T01:00:54.000+0000,-668.99994,-20668.604,19589.955,2525,0,3194
10_9454C3610D0A_E2288FCE3225_5,2023-04-17T00:00:45.000+0000,-749.01587,-23183.857,22142.438,2675,0,3424.0159
10_9454C3610D0A_E2288FCE3225_5,2023-04-16T23:31:53.000+0000,-781.27997,-24216.441,23113.36,2719,0,3500.28
10_9454C3610D0A_E2288FCE3225_5,2023-04-16T23:00:45.000+0000,-807.2776,-25285.217,24002.676,2765,0,3572.2776
10_9454C3610D0A_E2288FCE3225_5,2023-04-16T22:31:37.000+0000,-821.6814,-25622.225,24323.574,2752,0,3573.6814
10_9454C3610D0A_E2288FCE3225_5,2023-04-16T21:30:55.000+0000,-822.506,-25693.078,24528.498,2714,0,3536.5059
10_9454C3610D0A_E2288FCE3225_5,2023-04-16T21:00:52.000+0000,-813.0045,-25382.238,24230.432,2692,0,3505.0044
10_9454C3610D0A_E2288FCE3225_5,2023-04-16T20:31:40.000+0000,-801.7651,-25228.127,23827.87,2622,0,3423.7651
10_9454C3610D0A_E2288FCE3225_5,2023-04-16T19:31:47.000+0000,-783.4424,-24673.262,23624.021,2559,0,3342.4424
10_9454C3610D0A_E2288FCE3225_5,2023-04-16T19:00:43.000+0000,-778.50085,-24728.285,23443.463,2541,0,3319.501
10_9454C3610D0A_E2288FCE3225_5,2023-04-16T18:01:50.000+0000,-769.56744,-24535.887,23096.135,2507,0,3276.5674
10_9454C3610D0A_E2288FCE3225_5,2023-04-16T17:31:46.000+0000,-758.1988,-24194.602,23053.287,2429,0,3187.1987
10_9454C3610D0A_E2288FCE3225_5,2023-04-16T17:00:39.000+0000,-736.4523,-23516.361,22377.686,2370,0,3106.4521
10_9454C3610D0A_E2288FCE3225_5,2023-04-16T16:31:59.000+0000,-705.2825,-22685.2,21341.963,2343,0,3048.2825
10_9454C3610D0A_E2288FCE3225_5,2023-04-16T16:00:56.000+0000,-659.235,-21315.025,19960.451,2392,0,3051.2349
10_9454C3610D0A_E2288FCE3225_5,2023-04-16T15:30:57.000+0000,-604.7463,-19646.596,18591.35,2226,0,2830.7463
10_9454C3610D0A_E2288FCE3225_5,2023-04-16T15:01:44.000+0000,-546.12726,-17735.953,16799.271,2119,0,2665.1272
10_9454C3610D0A_E2288FCE3225_5,2023-04-16T14:00:44.000+0000,-428.7149,-14028.278,13203.117,1931,0,2359.7148
10_9454C3610D0A_E2288FCE3225_5,2023-04-16T13:31:40.000+0000,-385.51355,-12552.6455,12012.031,1727,0,2112.5137
10_9454C3610D0A_E2288FCE3225_5,2023-04-16T13:00:43.000+0000,-353.77463,-11640.522,10955.329,1130,0,1483.7747
10_9454C3610D0A_E2288FCE3225_5,2023-04-16T12:31:52.000+0000,-338.5415,-11163.635,10500.001,1017,0,1355.5415
10_9454C3610D0A_E2288FCE3225_5,2023-04-16T12:00:36.000+0000,-336.54333,-11134.48,10418.69,1048,0,1384.5433
10_9454C3610D0A_E2288FCE3225_5,2023-04-16T11:30:57.000+0000,-345.6925,-11544.655,10915.839,1072,0,1417.6925
10_9454C3610D0A_E2288FCE3225_5,2023-04-16T11:01:50.000+0000,-361.37427,-12001.98,11293.1045,1158,0,1519.3743
10_9454C3610D0A_E2288FCE3225_5,2023-04-16T10:31:44.000+0000,-380.5117,-12734.576,12133.175,1258,0,1638.5117
10_9454C3610D0A_E2288FCE3225_5,2023-04-16T10:01:46.000+0000,-399.04712,-13232.661,12594.875,1319,0,1718.0471
10_9454C3610D0A_E2288FCE3225_5,2023-04-16T09:30:57.000+0000,-415.1661,-13936.889,13088.99,1357,0,1772.1661
10_9454C3610D0A_E2288FCE3225_5,2023-04-16T09:00:46.000+0000,-427.189,-14451.906,13537.419,1409,0,1836.189
10_9454C3610D0A_E2288FCE3225_5,2023-04-16T08:31:55.000+0000,-435.60782,-14752.743,13939.574,1459,0,1894.6078
10_9454C3610D0A_E2288FCE3225_5,2023-04-16T08:01:38.000+0000,-442.47797,-14971.612,14188.951,1530,0,1972.478
10_9454C3610D0A_E2288FCE3225_5,2023-04-16T07:30:55.000+0000,-449.00723,-15180.028,14185.431,1592,0,2041.0072
10_9454C3610D0A_E2288FCE3225_5,2023-04-16T07:00:58.000+0000,-456.28336,-15532.802,14673.859,1670,0,2126.2834
10_9454C3610D0A_E2288FCE3225_5,2023-04-16T06:31:41.000+0000,-464.95648,-15997.085,14970.16,1777,0,2241.9565
10_9454C3610D0A_E2288FCE3225_5,2023-04-16T06:01:50.000+0000,-475.4223,-16164.625,15299.128,1897,0,2372.4224
10_9454C3610D0A_E2288FCE3225_5,2023-04-16T05:01:54.000+0000,-499.37018,-17259.012,16382.754,2079,0,2578.37
10_9454C3610D0A_E2288FCE3225_5,2023-04-16T04:31:45.000+0000,-511.82556,-17665.479,16855.588,2115,0,2626.8257
10_9454C3610D0A_E2288FCE3225_5,2023-04-16T04:00:42.000+0000,-524.86774,-18214.156,17295.852,2082,0,2606.8677
10_9454C3610D0A_E2288FCE3225_5,2023-04-16T03:31:42.000+0000,-537.889,-18636.746,17932.305,2133,0,2670.889
10_9454C3610D0A_E2288FCE3225_5,2023-04-16T03:00:54.000+0000,-553.74365,-19273.486,18338.06,2198,0,2751.7437
10_9454C3610D0A_E2288FCE3225_5,2023-04-16T02:30:54.000+0000,-572.3801,-19793.162,19122.854,2319,0,2891.3801
10_9454C3610D0A_E2288FCE3225_5,2023-04-16T02:01:39.000+0000,-594.3528,-20829.34,19694.926,2494,0,3088.3528
10_9454C3610D0A_E2288FCE3225_5,2023-04-16T01:30:56.000+0000,-621.46735,-21955.262,20667.188,2632,0,3253.4673
10_9454C3610D0A_E2288FCE3225_5,2023-04-16T01:00:59.000+0000,-650.8535,-22976.56,21741.557,2786,0,3436.8535
10_9454C3610D0A_E2288FCE3225_5,2023-04-16T00:30:39.000+0000,-681.5051,-24122.816,23009.986,2868,0,3549.5051
10_9454C3610D0A_E2288FCE3225_5,2023-04-16T00:01:53.000+0000,-708.8779,-25257.156,23861.193,2920,0,3628.878
10_9454C3610D0A_E2288FCE3225_5,2023-04-15T23:30:48.000+0000,-733.6605,-26231.223,24674.402,2976,0,3709.6606
10_9454C3610D0A_E2288FCE3225_5,2023-04-15T23:00:47.000+0000,-750.47266,-26948.781,25793.115,3067,0,3817.4727
10_9454C3610D0A_E2288FCE3225_5,2023-04-15T22:31:46.000+0000,-758.80493,-27419.746,25900.959,3056,0,3814.805
10_9454C3610D0A_E2288FCE3225_5,2023-04-15T22:00:46.000+0000,-759.1344,-27403.46,25901.293,3018,0,3777.1343
10_9454C3610D0A_E2288FCE3225_5,2023-04-15T21:30:46.000+0000,-752.41864,-27379.25,25859.744,3031,0,3783.4187
10_9454C3610D0A_E2288FCE3225_5,2023-04-15T21:00:46.000+0000,-741.18494,-26838.754,25475.77,3019,0,3760.185
10_9454C3610D0A_E2288FCE3225_5,2023-04-15T20:30:51.000+0000,-728.2422,-26731.762,25241.031,2972,0,3700.2422
10_9454C3610D0A_E2288FCE3225_5,2023-04-15T20:00:46.000+0000,-715.9242,-26428.568,24911.197,2962,0,3677.9243
10_9454C3610D0A_E2288FCE3225_5,2023-04-15T19:30:52.000+0000,-705.82635,-26205.408,24684.39,2951,0,3656.8264
10_9454C3610D0A_E2288FCE3225_5,2023-04-15T19:02:00.000+0000,-698.179,-25799.074,24553.066,2956,0,3654.179
10_9454C3610D0A_E2288FCE3225_5,2023-04-15T18:30:39.000+0000,-690.7595,-25654.12,24335.777,2947,0,3637.7595
10_9454C3610D0A_E2288FCE3225_5,2023-04-15T18:00:45.000+0000,-681.97064,-25418.904,24129.594,2940,0,3621.9707
10_9454C3610D0A_E2288FCE3225_5,2023-04-15T17:02:01.000+0000,-648.3868,-24364.672,23012.982,2864,0,3512.3867
10_9454C3610D0A_E2288FCE3225_5,2023-04-15T16:00:42.000+0000,-577.36053,-21845.531,20729.81,2768,0,3345.3606
10_9454C3610D0A_E2288FCE3225_5,2023-04-15T15:31:41.000+0000,-531.779,-20347.346,19136.266,2744,0,3275.779
10_9454C3610D0A_E2288FCE3225_5,2023-04-15T15:01:57.000+0000,-480.76837,-18252.965,17423.357,2671,0,3151.7683
10_9454C3610D0A_E2288FCE3225_5,2023-04-15T14:30:40.000+0000,-426.92917,-16407.56,15715.218,2538,0,2964.9292
10_9454C3610D0A_E2288FCE3225_5,2023-04-15T13:30:55.000+0000,-341.2397,-13059.465,12644.323,2287,0,2628.2397
10_9454C3610D0A_E2288FCE3225_5,2023-04-15T13:00:55.000+0000,-313.19696,-12113.126,11385.559,1786,0,2099.197
10_9454C3610D0A_E2288FCE3225_5,2023-04-15T12:31:08.000+0000,-296.9505,-11521.477,11044.566,1671,0,1967.9504
10_9454C3610D0A_E2288FCE3225_5,2023-04-15T12:00:56.000+0000,-291.39218,-11373.782,10890.1455,1748,0,2039.3922
10_9454C3610D0A_E2288FCE3225_5,2023-04-15T11:30:50.000+0000,-294.48993,-11625.224,10949.829,1743,0,2037.49
10_9454C3610D0A_E2288FCE3225_5,2023-04-15T11:00:45.000+0000,-303.08102,-11997.55,11277.16,1645,0,1948.081
10_9454C3610D0A_E2288FCE3225_5,2023-04-15T10:31:55.000+0000,-313.47748,-12449.744,11877.256,1572,0,1885.4775
10_9454C3610D0A_E2288FCE3225_5,2023-04-15T10:01:49.000+0000,-323.96213,-12833.309,12269.758,1585,0,1908.9622
10_9454C3610D0A_E2288FCE3225_5,2023-04-15T09:30:41.000+0000,-332.56665,-13158.016,12548.422,1659,0,1991.5667
10_9454C3610D0A_E2288FCE3225_5,2023-04-15T09:01:00.000+0000,-338.00833,-13473.38,12745.7705,1771,0,2109.0083
10_9454C3610D0A_E2288FCE3225_5,2023-04-15T08:30:54.000+0000,-341.136,-13699.007,13127.031,1787,0,2128.136
10_9454C3610D0A_E2288FCE3225_5,2023-04-15T08:00:58.000+0000,-342.8592,-13796.445,13355.034,1880,0,2222.8591
10_9454C3610D0A_E2288FCE3225_5,2023-04-15T07:32:20.000+0000,-344.32074,-13937.992,13247.837,2007,0,2351.3208
10_9454C3610D0A_E2288FCE3225_5,2023-04-15T07:00:47.000+0000,-346.7845,-14088.237,13438.604,2022,0,2368.7844
10_9454C3610D0A_E2288FCE3225_5,2023-04-15T06:03:17.000+0000,-355.17154,-14521.286,13997.554,2054,0,2409.1716
10_9454C3610D0A_E2288FCE3225_5,2023-04-15T05:30:42.000+0000,-361.81027,-14815.936,14121.467,2086,0,2447.8103
10_9454C3610D0A_E2288FCE3225_5,2023-04-15T05:01:56.000+0000,-368.21973,-15199.197,14554.757,2090,0,2458.2197
10_9454C3610D0A_E2288FCE3225_5,2023-04-15T04:00:41.000+0000,-382.63962,-15787.96,15278.664,2288,0,2670.6396
10_9454C3610D0A_E2288FCE3225_5,2023-04-15T03:31:48.000+0000,-390.3488,-16255.444,15702.704,2344,0,2734.3489
10_9454C3610D0A_E2288FCE3225_5,2023-04-15T03:01:59.000+0000,-399.88455,-16858.025,15989.786,2406,0,2805.8845
10_9454C3610D0A_E2288FCE3225_5,2023-04-15T02:30:55.000+0000,-412.44687,-17421.457,16620.428,2529,0,2941.4468
10_9454C3610D0A_E2288FCE3225_5,2023-04-15T02:00:58.000+0000,-427.6986,-18015.264,17487.312,2627,0,3054.6987
10_9454C3610D0A_E2288FCE3225_5,2023-04-15T01:31:44.000+0000,-445.5502,-19092.871,18169.066,2809,0,3254.5503
10_9454C3610D0A_E2288FCE3225_5,2023-04-15T01:00:57.000+0000,-466.7082,-20025.42,19159.035,3037,0,3503.7083
10_9454C3610D0A_E2288FCE3225_5,2023-04-15T00:30:41.000+0000,-488.30078,-20949.059,19986.086,3185,0,3673.3008
10_9454C3610D0A_E2288FCE3225_5,2023-04-15T00:00:55.000+0000,-508.27805,-21960.826,21074.88,3264,0,3772.278
10_9454C3610D0A_E2288FCE3225_5,2023-04-14T23:31:44.000+0000,-524.6526,-22643.293,21975.982,3326,0,3850.6526
10_9454C3610D0A_E2288FCE3225_5,2023-04-14T22:31:02.000+0000,-542.3163,-23575.49,22927.19,3419,0,3961.3164
10_9454C3610D0A_E2288FCE3225_5,2023-04-14T22:00:51.000+0000,-541.93097,-23919.275,23036.65,3445,0,3986.931
10_9454C3610D0A_E2288FCE3225_5,2023-04-14T21:30:52.000+0000,-536.58765,-23823.18,23064.107,3426,0,3962.5876
10_9454C3610D0A_E2288FCE3225_5,2023-04-14T21:00:56.000+0000,-528.097,-23443.725,22514.166,3405,0,3933.097
10_9454C3610D0A_E2288FCE3225_5,2023-04-14T20:30:54.000+0000,-518.4654,-23082.48,22464.434,3371,0,3889.4653
10_9454C3610D0A_E2288FCE3225_5,2023-04-14T20:01:09.000+0000,-509.59964,-23011.662,22239.93,3365,0,3874.5996
10_9454C3610D0A_E2288FCE3225_5,2023-04-14T19:31:14.000+0000,-502.419,-22849.404,21954.717,3314,0,3816.419
10_9454C3610D0A_E2288FCE3225_5,2023-04-14T19:00:42.000+0000,-496.9221,-22696.137,21854.21,3258,0,3754.922
10_9454C3610D0A_E2288FCE3225_5,2023-04-14T18:30:52.000+0000,-492.30505,-22579.668,21842.92,3270,0,3762.3052
10_9454C3610D0A_E2288FCE3225_5,2023-04-14T18:01:03.000+0000,-486.59946,-22637.049,21525.088,3295,0,3781.5994
10_9454C3610D0A_E2288FCE3225_5,2023-04-14T17:31:55.000+0000,-477.88925,-22054.07,21438.062,3315,0,3792.8892
10_9454C3610D0A_E2288FCE3225_5,2023-04-14T16:31:29.000+0000,-442.7552,-20575.27,20058.37,3293,0,3735.7551
10_9454C3610D0A_E2288FCE3225_5,2023-04-14T16:02:16.000+0000,-416.25336,-19643.182,18980.14,3166,0,3582.2534
10_9454C3610D0A_E2288FCE3225_5,2023-04-14T15:31:51.000+0000,-383.2661,-18097.125,17391.809,3135,0,3518.266
10_9454C3610D0A_E2288FCE3225_5,2023-04-14T15:02:08.000+0000,-348.03522,-16794.422,16052.731,3112,0,3460.0352
10_9454C3610D0A_E2288FCE3225_5,2023-04-14T14:30:46.000+0000,-310.95395,-14983.513,14339.646,2994,0,3304.9539
10_9454C3610D0A_E2288FCE3225_5,2023-04-14T13:30:54.000+0000,-253.12538,-12243.279,11881.914,2735,0,2988.1255
10_9454C3610D0A_E2288FCE3225_5,2023-04-14T13:00:51.000+0000,-235.0889,-11587.301,11174.583,1971,0,2206.0889
10_9454C3610D0A_E2288FCE3225_5,2023-04-14T12:31:51.000+0000,-225.7311,-11065.941,10684.541,1853,0,2078.7312
10_9454C3610D0A_E2288FCE3225_5,2023-04-14T12:01:43.000+0000,-223.71844,-11130.493,10649.578,1799,0,2022.7185
10_9454C3610D0A_E2288FCE3225_5,2023-04-14T11:30:42.000+0000,-228.09265,-11383.496,10937.099,1761,0,1989.0927
10_9454C3610D0A_E2288FCE3225_5,2023-04-14T11:06:25.000+0000,-234.50706,-11812.449,11238.424,1911,0,2145.507
10_9454C3610D0A_E2288FCE3225_5,2023-04-14T10:01:21.000+0000,-255.078,-13030.668,12637.953,2063,0,2318.0781
10_9454C3610D0A_E2288FCE3225_5,2023-04-14T09:30:44.000+0000,-263.0122,-13517.787,13001.272,2089,0,2352.0122
10_9454C3610D0A_E2288FCE3225_5,2023-04-14T09:01:03.000+0000,-268.71973,-13937.113,13397.041,2099,0,2367.7197
10_9454C3610D0A_E2288FCE3225_5,2023-04-14T08:32:02.000+0000,-272.64856,-14237.805,13647.564,2134,0,2406.6484
10_9454C3610D0A_E2288FCE3225_5,2023-04-14T08:00:43.000+0000,-275.79303,-14415.302,13963.434,2195,0,2470.793
10_9454C3610D0A_E2288FCE3225_5,2023-04-14T07:31:45.000+0000,-278.4922,-14668.626,14156.819,2207,0,2485.4922
10_9454C3610D0A_E2288FCE3225_5,2023-04-14T07:01:48.000+0000,-281.7511,-14900.902,14534.308,2231,0,2512.751
10_9454C3610D0A_E2288FCE3225_5,2023-04-14T06:31:54.000+0000,-285.84122,-15257.66,14725.117,2283,0,2568.8413
10_9454C3610D0A_E2288FCE3225_5,2023-04-14T06:00:48.000+0000,-290.99042,-15692.067,15163.764,2312,0,2602.9905
10_9454C3610D0A_E2288FCE3225_5,2023-04-14T05:31:00.000+0000,-296.51578,-15992.661,15661.343,2336,0,2632.5159
10_9454C3610D0A_E2288FCE3225_5,2023-04-14T05:00:49.000+0000,-302.3528,-16466.979,15978.44,2353,0,2655.3528
10_9454C3610D0A_E2288FCE3225_5,2023-04-14T04:30:59.000+0000,-308.1374,-16980.945,16387.883,2407,0,2715.1375
10_9454C3610D0A_E2288FCE3225_5,2023-04-14T04:00:56.000+0000,-314.01764,-17328.59,16859.188,2438,0,2752.0176
10_9454C3610D0A_E2288FCE3225_5,2023-04-14T03:30:44.000+0000,-320.32324,-17968.389,17593.002,2475,0,2795.3232
10_9454C3610D0A_E2288FCE3225_5,2023-04-14T03:00:50.000+0000,-327.506,-18386.342,17998.844,2580,0,2907.506
10_9454C3610D0A_E2288FCE3225_5,2023-04-14T02:31:04.000+0000,-336.15015,-18943.729,18785.72,2588,0,2924.1501
10_9454C3610D0A_E2288FCE3225_5,2023-04-14T02:00:50.000+0000,-346.824,-19776.787,19433.89,2586,0,2932.824
10_9454C3610D0A_E2288FCE3225_5,2023-04-14T01:31:03.000+0000,-359.1663,-20498.074,20317.975,2605,0,2964.1663
10_9454C3610D0A_E2288FCE3225_5,2023-04-14T01:01:05.000+0000,-372.8669,-21427.54,21085.4,2724,0,3096.867
10_9454C3610D0A_E2288FCE3225_5,2023-04-14T00:31:59.000+0000,-386.43167,-22303.8,22155.102,2818,0,3204.4316
10_9454C3610D0A_E2288FCE3225_5,2023-04-14T00:00:48.000+0000,-399.84702,-23773.22,23075.576,3076,0,3475.847
10_9454C3610D0A_E2288FCE3225_5,2023-04-13T23:30:59.000+0000,-410.1921,-24184.479,23803.87,3148,0,3558.1921
10_9454C3610D0A_E2288FCE3225_5,2023-04-13T23:01:52.000+0000,-416.88388,-24620.623,24579.564,3080,0,3496.8838
10_9454C3610D0A_E2288FCE3225_5,2023-04-13T22:30:47.000+0000,-419.69498,-25211.56,24707.912,3188,0,3607.695
10_9454C3610D0A_E2288FCE3225_5,2023-04-13T22:01:55.000+0000,-418.3649,-25385.32,25121.105,3379,0,3797.365
10_9454C3610D0A_E2288FCE3225_5,2023-04-13T21:01:05.000+0000,-406.5192,-25189.525,24762.889,3395,0,3801.5193
10_9454C3610D0A_E2288FCE3225_5,2023-04-13T20:31:51.000+0000,-398.90887,-24937.531,24517.107,3421,0,3819.909
10_9454C3610D0A_E2288FCE3225_5,2023-04-13T20:01:50.000+0000,-391.4006,-24438.402,24265.488,3306,0,3697.4006
10_9454C3610D0A_E2288FCE3225_5,2023-04-13T19:32:17.000+0000,-384.98035,-24210.668,23704.79,3304,0,3688.9805
10_9454C3610D0A_E2288FCE3225_5,2023-04-13T19:00:47.000+0000,-379.2281,-24148.854,23849.701,3186,0,3565.228
10_9454C3610D0A_E2288FCE3225_5,2023-04-13T18:31:01.000+0000,-374.1621,-24197.314,23851.398,3172,0,3546.162
10_9454C3610D0A_E2288FCE3225_5,2023-04-13T18:01:11.000+0000,-368.28275,-23753.904,23687.633,3208,0,3576.2827
10_9454C3610D0A_E2288FCE3225_5,2023-04-13T17:31:46.000+0000,-360.38773,-23650.53,23105.834,3125,0,3485.3877
10_9454C3610D0A_E2288FCE3225_5,2023-04-13T17:01:12.000+0000,-348.75076,-23146.373,22951.977,2917,0,3265.7507
10_9454C3610D0A_E2288FCE3225_5,2023-04-13T16:30:57.000+0000,-333.06924,-22179.533,21898.186,2787,0,3120.0693
10_9454C3610D0A_E2288FCE3225_5,2023-04-13T16:00:53.000+0000,-313.40976,-21247.967,20911.229,2835,0,3148.4097
10_9454C3610D0A_E2288FCE3225_5,2023-04-13T15:30:57.000+0000,-290.6381,-19776.336,19517.895,2756,0,3046.6382
10_9454C3610D0A_E2288FCE3225_5,2023-04-13T15:01:46.000+0000,-266.7955,-18513.541,18135.28,2703,0,2969.7954
10_9454C3610D0A_E2288FCE3225_5,2023-04-13T14:31:06.000+0000,-241.9381,-16874.379,16547.568,2474,0,2715.938
10_9454C3610D0A_E2288FCE3225_5,2023-04-13T14:01:02.000+0000,-219.74191,-15758.116,15248.413,2357,0,2576.742
10_9454C3610D0A_E2288FCE3225_5,2023-04-13T13:31:01.000+0000,-201.37663,-14390.089,14154.861,2179,0,2380.3767
10_9454C3610D0A_E2288FCE3225_5,2023-04-13T13:00:53.000+0000,-187.7768,-13512.571,13314.282,1841,0,2028.7769
10_9454C3610D0A_E2288FCE3225_5,2023-04-13T12:31:04.000+0000,-179.3437,-13198.806,12744.468,1680,0,1859.3438
10_9454C3610D0A_E2288FCE3225_5,2023-04-13T12:01:45.000+0000,-175.46458,-13044.672,12652.355,1740,0,1915.4646
10_9454C3610D0A_E2288FCE3225_5,2023-04-13T11:31:07.000+0000,-175.01213,-13271.113,12951.089,1763,0,1938.0121
10_9454C3610D0A_E2288FCE3225_5,2023-04-13T11:01:46.000+0000,-176.71057,-13305.601,13027.509,1777,0,1953.7106
10_9454C3610D0A_E2288FCE3225_5,2023-04-13T10:31:00.000+0000,-179.31354,-13886.039,13391.558,1799,0,1978.3135
10_9454C3610D0A_E2288FCE3225_5,2023-04-13T10:01:00.000+0000,-181.53397,-14215.206,13827.899,1865,0,2046.5339
10_9454C3610D0A_E2288FCE3225_5,2023-04-13T09:31:57.000+0000,-182.72438,-14464.746,14071.979,1924,0,2106.7244
10_9454C3610D0A_E2288FCE3225_5,2023-04-13T09:01:53.000+0000,-182.73895,-14788.105,14340.772,1950,0,2132.739
10_9454C3610D0A_E2288FCE3225_5,2023-04-13T08:31:00.000+0000,-181.64171,-14723.411,14481.672,1971,0,2152.6416
10_9454C3610D0A_E2288FCE3225_5,2023-04-13T08:01:51.000+0000,-179.97617,-14850.649,14419.748,2020,0,2199.976
10_9454C3610D0A_E2288FCE3225_5,2023-04-13T07:31:05.000+0000,-178.0529,-14868.136,14381.732,2063,0,2241.053
10_9454C3610D0A_E2288FCE3225_5,2023-04-13T07:01:04.000+0000,-176.40625,-15053.958,14696.533,2082,0,2258.4062
10_9454C3610D0A_E2288FCE3225_5,2023-04-13T06:30:53.000+0000,-175.18242,-15064.13,14564.94,2159,0,2334.1824
10_9454C3610D0A_E2288FCE3225_5,2023-04-13T06:01:02.000+0000,-174.39307,-15271.153,14990.025,2185,0,2359.393
10_9454C3610D0A_E2288FCE3225_5,2023-04-13T05:30:46.000+0000,-173.86967,-15357.088,15038.915,2228,0,2401.8696
10_9454C3610D0A_E2288FCE3225_5,2023-04-13T05:02:07.000+0000,-173.45758,-15577.774,15311.127,2299,0,2472.4575
10_9454C3610D0A_E2288FCE3225_5,2023-04-13T04:31:04.000+0000,-172.9793,-15984.68,15333.015,2327,0,2499.9792
10_9454C3610D0A_E2288FCE3225_5,2023-04-13T04:01:07.000+0000,-172.50854,-15965.342,15488.642,2409,0,2581.5085
10_9454C3610D0A_E2288FCE3225_5,2023-04-13T03:31:46.000+0000,-172.20827,-16428.732,15725.712,2472,0,2644.2083
10_9454C3610D0A_E2288FCE3225_5,2023-04-13T03:01:55.000+0000,-172.33792,-16622.041,16293.482,2521,0,2693.338
10_9454C3610D0A_E2288FCE3225_5,2023-04-13T02:31:12.000+0000,-173.22067,-17037.773,16876.045,2590,0,2763.2207
10_9454C3610D0A_E2288FCE3225_5,2023-04-13T02:01:50.000+0000,-174.94041,-17492.12,17102.238,2695,0,2869.9404
10_9454C3610D0A_E2288FCE3225_5,2023-04-13T01:31:05.000+0000,-177.61342,-17998.95,17762.365,2807,0,2984.6135
10_9454C3610D0A_E2288FCE3225_5,2023-04-13T01:02:04.000+0000,-180.6698,-18849.053,18161.59,2938,0,3118.67
10_9454C3610D0A_E2288FCE3225_5,2023-04-13T00:31:47.000+0000,-183.8896,-19670.746,18816.232,3056,0,3239.8896
10_9454C3610D0A_E2288FCE3225_5,2023-04-13T00:01:06.000+0000,-186.50098,-20135.19,19503.867,3156,0,3342.501
10_9454C3610D0A_E2288FCE3225_5,2023-04-12T23:31:02.000+0000,-187.75945,-20769.268,20086.385,3221,0,3408.7595
10_9454C3610D0A_E2288FCE3225_5,2023-04-12T23:01:00.000+0000,-187.23602,-20983.203,20512.068,3304,0,3491.236
10_9454C3610D0A_E2288FCE3225_5,2023-04-12T22:30:55.000+0000,-184.71114,-21197.771,20519.154,3336,0,3520.7112
10_9454C3610D0A_E2288FCE3225_5,2023-04-12T22:00:48.000+0000,-180.28812,-21173.242,20664.969,3303,0,3483.288
10_9454C3610D0A_E2288FCE3225_5,2023-04-12T21:34:40.000+0000,-175.22429,-20855.447,20068.46,3321,0,3496.2244
10_9454C3610D0A_E2288FCE3225_5,2023-04-12T21:00:18.000+0000,-167.52097,-20581.297,19903.693,3373,0,3540.521
10_9454C3610D0A_E2288FCE3225_5,2023-04-12T20:29:54.000+0000,-160.42361,-20202.11,19519.137,3329,0,3489.4236
10_9454C3610D0A_E2288FCE3225_5,2023-04-12T20:00:54.000+0000,-153.93031,-19854.893,18996.168,3322,0,3475.9304
10_9454C3610D0A_E2288FCE3225_5,2023-04-12T19:02:14.000+0000,-142.40701,-19305.37,18284.758,3263,0,3405.407
10_9454C3610D0A_E2288FCE3225_5,2023-04-12T18:30:54.000+0000,-136.81476,-18945.275,18127.562,3227,0,3363.8147
10_9454C3610D0A_E2288FCE3225_5,2023-04-12T18:00:46.000+0000,-131.20685,-18783.36,18086.045,3216,0,3347.2068
10_9454C3610D0A_E2288FCE3225_5,2023-04-12T17:31:03.000+0000,-124.92395,-18219.615,17493.107,3114,0,3238.9238
10_9454C3610D0A_E2288FCE3225_5,2023-04-12T16:30:50.000+0000,-108.436905,-16879.38,16300.141,2895,0,3003.437
